Barton_Hall.Barton_Hall_208_Main#Real Energy Total#kWh,Timestamp
9394347.557,2023-07-06 00:15:00
9394358.088,2023-07-06 00:30:00
9394368.881,2023-07-06 00:45:00
9394379.445,2023-07-06 01:00:00
9394389.903,2023-07-06 01:15:00
9394400.348,2023-07-06 01:30:00
9394410.518,2023-07-06 01:45:00
9394420.528,2023-07-06 02:00:00
9394430.571,2023-07-06 02:15:00
9394440.192,2023-07-06 02:30:00
9394450.933,2023-07-06 02:45:00
9394460.588,2023-07-06 03:00:00
9394470.027,2023-07-06 03:15:00
9394479.494,2023-07-06 03:30:00
9394488.808,2023-07-06 03:45:00
9394498.135,2023-07-06 04:00:00
9394507.453,2023-07-06 04:15:00
9394516.6,2023-07-06 04:30:00
9394525.87,2023-07-06 04:45:00
9394534.989,2023-07-06 05:00:00
9394544.066,2023-07-06 05:15:00
9394552.656,2023-07-06 05:30:00
9394561.891,2023-07-06 05:45:00
9394570.249,2023-07-06 06:00:00
9394578.633,2023-07-06 06:15:00
9394586.991,2023-07-06 06:30:00
9394595.614,2023-07-06 06:45:00
9394603.967,2023-07-06 07:00:00
9394612.455,2023-07-06 07:15:00
9394621.022,2023-07-06 07:30:00
9394629.383,2023-07-06 07:45:00
9394637.847,2023-07-06 08:00:00
9394647.214,2023-07-06 08:15:00
9394655.678,2023-07-06 08:30:00
9394664.126,2023-07-06 08:45:00
9394672.593,2023-07-06 09:00:00
9394681.091,2023-07-06 09:15:00
9394689.773,2023-07-06 09:30:00
9394698.227,2023-07-06 09:45:00
9394706.746,2023-07-06 10:00:00
9394715.678,2023-07-06 10:15:00
9394724.166,2023-07-06 10:30:00
9394732.79,2023-07-06 10:45:00
9394741.403,2023-07-06 11:00:00
9394750.277,2023-07-06 11:15:00
9394759.796,2023-07-06 11:30:00
9394768.4,2023-07-06 11:45:00
9394777.066,2023-07-06 12:00:00
9394785.732,2023-07-06 12:15:00
9394794.395,2023-07-06 12:30:00
9394803.413,2023-07-06 12:45:00
9394812.302,2023-07-06 13:00:00
9394821.603,2023-07-06 13:15:00
9394830.815,2023-07-06 13:30:00
9394840.234,2023-07-06 13:45:00
9394849.686,2023-07-06 14:00:00
9394859.281,2023-07-06 14:15:00
9394868.494,2023-07-06 14:30:00
9394878.842,2023-07-06 14:45:00
9394888.42,2023-07-06 15:00:00
9394897.823,2023-07-06 15:15:00
9394907.148,2023-07-06 15:30:00
9394916.625,2023-07-06 15:45:00
9394926.121,2023-07-06 16:00:00
9394935.694,2023-07-06 16:15:00
9394945.287,2023-07-06 16:30:00
9394954.687,2023-07-06 16:45:00
9394963.961,2023-07-06 17:00:00
9394973.396,2023-07-06 17:15:00
9394982.773,2023-07-06 17:30:00
9394992.283,2023-07-06 17:45:00
9395002.694,2023-07-06 18:00:00
9395011.735,2023-07-06 18:15:00
9395021.053,2023-07-06 18:30:00
9395030.778,2023-07-06 18:45:00
9395040.515,2023-07-06 19:00:00
9395050.123,2023-07-06 19:15:00
9395059.547,2023-07-06 19:30:00
9395069.286,2023-07-06 19:45:00
9395079.003,2023-07-06 20:00:00
9395088.803,2023-07-06 20:15:00
9395098.743,2023-07-06 20:30:00
9395108.952,2023-07-06 20:45:00
9395120.28,2023-07-06 21:00:00
9395130.813,2023-07-06 21:15:00
9395141.327,2023-07-06 21:30:00
9395151.738,2023-07-06 21:45:00
9395162.518,2023-07-06 22:00:00
9395173.157,2023-07-06 22:15:00
9395183.831,2023-07-06 22:30:00
9395194.409,2023-07-06 22:45:00
9395205.133,2023-07-06 23:00:00
9395216.031,2023-07-06 23:15:00
9395226.721,2023-07-06 23:30:00
9395237.339,2023-07-06 23:45:00
9395247.93,2023-07-07 00:00:00
9395259.667,2023-07-07 00:15:00
9395270.329,2023-07-07 00:30:00
9395280.918,2023-07-07 00:45:00
9395291.388,2023-07-07 01:00:00
9395301.609,2023-07-07 01:15:00
9395311.816,2023-07-07 01:30:00
9395322.104,2023-07-07 01:45:00
9395332.202,2023-07-07 02:00:00
9395342.222,2023-07-07 02:15:00
9395352.164,2023-07-07 02:30:00
9395362.094,2023-07-07 02:45:00
9395371.958,2023-07-07 03:00:00
9395381.636,2023-07-07 03:15:00
9395391.993,2023-07-07 03:30:00
9395401.347,2023-07-07 03:45:00
9395410.587,2023-07-07 04:00:00
9395419.775,2023-07-07 04:15:00
9395429.044,2023-07-07 04:30:00
9395438.212,2023-07-07 04:45:00
9395447.324,2023-07-07 05:00:00
9395456.555,2023-07-07 05:15:00
9395465.172,2023-07-07 05:30:00
9395473.606,2023-07-07 05:45:00
9395482.055,2023-07-07 06:00:00
9395490.466,2023-07-07 06:15:00
9395499.452,2023-07-07 06:30:00
9395508.228,2023-07-07 06:45:00
9395516.761,2023-07-07 07:00:00
9395525.372,2023-07-07 07:15:00
9395533.778,2023-07-07 07:30:00
9395542.172,2023-07-07 07:45:00
9395550.676,2023-07-07 08:00:00
9395559.282,2023-07-07 08:15:00
9395568.109,2023-07-07 08:30:00
9395576.796,2023-07-07 08:45:00
9395585.374,2023-07-07 09:00:00
9395593.967,2023-07-07 09:15:00
9395603.423,2023-07-07 09:30:00
9395611.977,2023-07-07 09:45:00
9395620.66,2023-07-07 10:00:00
9395629.163,2023-07-07 10:15:00
9395637.857,2023-07-07 10:30:00
9395646.457,2023-07-07 10:45:00
9395655.35,2023-07-07 11:00:00
9395664.065,2023-07-07 11:15:00
9395673.099,2023-07-07 11:30:00
9395682.146,2023-07-07 11:45:00
9395691.398,2023-07-07 12:00:00
9395700.811,2023-07-07 12:15:00
9395711.334,2023-07-07 12:30:00
9395720.682,2023-07-07 12:45:00
9395730.607,2023-07-07 13:00:00
9395740.671,2023-07-07 13:15:00
9395750.515,2023-07-07 13:30:00
9395760.512,2023-07-07 13:45:00
9395770.732,2023-07-07 14:00:00
9395781.236,2023-07-07 14:15:00
9395791.508,2023-07-07 14:30:00
9395801.595,2023-07-07 14:45:00
9395811.759,2023-07-07 15:00:00
9395821.846,2023-07-07 15:15:00
9395832.061,2023-07-07 15:30:00
9395842.47,2023-07-07 15:45:00
9395852.801,2023-07-07 16:00:00
9395863.368,2023-07-07 16:15:00
9395873.883,2023-07-07 16:30:00
9395884.506,2023-07-07 16:45:00
9395895.238,2023-07-07 17:00:00
9395905.867,2023-07-07 17:15:00
9395916.579,2023-07-07 17:30:00
9395927.068,2023-07-07 17:45:00
9395937.688,2023-07-07 18:00:00
9395948.019,2023-07-07 18:15:00
9395958.45,2023-07-07 18:30:00
9395968.764,2023-07-07 18:45:00
9395979.22,2023-07-07 19:00:00
9395989.457,2023-07-07 19:15:00
9395999.807,2023-07-07 19:30:00
9396010.081,2023-07-07 19:45:00
9396019.69,2023-07-07 20:00:00
9396029.306,2023-07-07 20:15:00
9396039.171,2023-07-07 20:30:00
9396048.844,2023-07-07 20:45:00
9396059.522,2023-07-07 21:00:00
9396070.351,2023-07-07 21:15:00
9396081.067,2023-07-07 21:30:00
9396091.841,2023-07-07 21:45:00
9396102.728,2023-07-07 22:00:00
9396113.514,2023-07-07 22:15:00
9396124.665,2023-07-07 22:30:00
9396135.393,2023-07-07 22:45:00
9396146.396,2023-07-07 23:00:00
9396157.31,2023-07-07 23:15:00
9396168.333,2023-07-07 23:30:00
9396179.338,2023-07-07 23:45:00
9396190.181,2023-07-08 00:00:00
9396201.116,2023-07-08 00:15:00
9396211.996,2023-07-08 00:30:00
9396222.834,2023-07-08 00:45:00
9396233.485,2023-07-08 01:00:00
9396243.957,2023-07-08 01:15:00
9396254.377,2023-07-08 01:30:00
9396264.619,2023-07-08 01:45:00
9396274.636,2023-07-08 02:00:00
9396284.551,2023-07-08 02:15:00
9396294.431,2023-07-08 02:30:00
9396304.16,2023-07-08 02:45:00
9396314.563,2023-07-08 03:00:00
9396324.139,2023-07-08 03:15:00
9396333.739,2023-07-08 03:30:00
9396343.31,2023-07-08 03:45:00
9396352.808,2023-07-08 04:00:00
9396362.282,2023-07-08 04:15:00
9396371.69,2023-07-08 04:30:00
9396381.094,2023-07-08 04:45:00
9396390.418,2023-07-08 05:00:00
9396399.74,2023-07-08 05:15:00
9396408.909,2023-07-08 05:30:00
9396417.293,2023-07-08 05:45:00
9396425.794,2023-07-08 06:00:00
9396434.992,2023-07-08 06:15:00
9396443.301,2023-07-08 06:30:00
9396451.737,2023-07-08 06:45:00
9396460.062,2023-07-08 07:00:00
9396468.395,2023-07-08 07:15:00
9396476.693,2023-07-08 07:30:00
9396485.094,2023-07-08 07:45:00
9396493.309,2023-07-08 08:00:00
9396501.697,2023-07-08 08:15:00
9396510.12,2023-07-08 08:30:00
9396518.624,2023-07-08 08:45:00
9396526.945,2023-07-08 09:00:00
9396535.382,2023-07-08 09:15:00
9396544.595,2023-07-08 09:30:00
9396552.952,2023-07-08 09:45:00
9396561.533,2023-07-08 10:00:00
9396570.186,2023-07-08 10:15:00
9396578.746,2023-07-08 10:30:00
9396587.328,2023-07-08 10:45:00
9396595.865,2023-07-08 11:00:00
9396604.373,2023-07-08 11:15:00
9396613.136,2023-07-08 11:30:00
9396621.783,2023-07-08 11:45:00
9396630.71,2023-07-08 12:00:00
9396639.712,2023-07-08 12:15:00
9396649.55,2023-07-08 12:30:00
9396658.376,2023-07-08 12:45:00
9396667.296,2023-07-08 13:00:00
9396676.136,2023-07-08 13:15:00
9396684.945,2023-07-08 13:30:00
9396693.827,2023-07-08 13:45:00
9396702.788,2023-07-08 14:00:00
9396711.801,2023-07-08 14:15:00
9396720.912,2023-07-08 14:30:00
9396729.994,2023-07-08 14:45:00
9396739.213,2023-07-08 15:00:00
9396749.216,2023-07-08 15:15:00
9396758.431,2023-07-08 15:30:00
9396767.757,2023-07-08 15:45:00
9396777.102,2023-07-08 16:00:00
9396786.329,2023-07-08 16:15:00
9396795.791,2023-07-08 16:30:00
9396805.208,2023-07-08 16:45:00
9396814.68,2023-07-08 17:00:00
9396824.344,2023-07-08 17:15:00
9396834.072,2023-07-08 17:30:00
9396843.542,2023-07-08 17:45:00
9396852.983,2023-07-08 18:00:00
9396862.619,2023-07-08 18:15:00
9396873.042,2023-07-08 18:30:00
9396882.667,2023-07-08 18:45:00
9396892.261,2023-07-08 19:00:00
9396901.689,2023-07-08 19:15:00
9396911.099,2023-07-08 19:30:00
9396920.533,2023-07-08 19:45:00
9396930.026,2023-07-08 20:00:00
9396939.641,2023-07-08 20:15:00
9396949.469,2023-07-08 20:30:00
9396959.466,2023-07-08 20:45:00
9396970.121,2023-07-08 21:00:00
9396980.68,2023-07-08 21:15:00
9396991.219,2023-07-08 21:30:00
9397002.77,2023-07-08 21:45:00
9397013.609,2023-07-08 22:00:00
9397024.937,2023-07-08 22:15:00
9397036.227,2023-07-08 22:30:00
9397047.589,2023-07-08 22:45:00
9397058.917,2023-07-08 23:00:00
9397070.348,2023-07-08 23:15:00
9397081.792,2023-07-08 23:30:00
9397093.204,2023-07-08 23:45:00
9397104.229,2023-07-09 00:00:00
9397115.114,2023-07-09 00:15:00
9397126.703,2023-07-09 00:30:00
9397137.077,2023-07-09 00:45:00
9397147.695,2023-07-09 01:00:00
9397158.052,2023-07-09 01:15:00
9397168.439,2023-07-09 01:30:00
9397178.911,2023-07-09 01:45:00
9397189.186,2023-07-09 02:00:00
9397199.275,2023-07-09 02:15:00
9397209.126,2023-07-09 02:30:00
9397218.937,2023-07-09 02:45:00
9397228.727,2023-07-09 03:00:00
9397238.411,2023-07-09 03:15:00
9397248.031,2023-07-09 03:30:00
9397258.502,2023-07-09 03:45:00
9397268.131,2023-07-09 04:00:00
9397277.558,2023-07-09 04:15:00
9397286.933,2023-07-09 04:30:00
9397296.19,2023-07-09 04:45:00
9397305.361,2023-07-09 05:00:00
9397314.498,2023-07-09 05:15:00
9397323.379,2023-07-09 05:30:00
9397331.757,2023-07-09 05:45:00
9397340.305,2023-07-09 06:00:00
9397349.071,2023-07-09 06:15:00
9397358.347,2023-07-09 06:30:00
9397366.784,2023-07-09 06:45:00
9397375.078,2023-07-09 07:00:00
9397383.368,2023-07-09 07:15:00
9397391.818,2023-07-09 07:30:00
9397400.131,2023-07-09 07:45:00
9397408.465,2023-07-09 08:00:00
9397417.063,2023-07-09 08:15:00
9397425.4,2023-07-09 08:30:00
9397433.978,2023-07-09 08:45:00
9397442.527,2023-07-09 09:00:00
9397451.105,2023-07-09 09:15:00
9397460.649,2023-07-09 09:30:00
9397469.122,2023-07-09 09:45:00
9397477.925,2023-07-09 10:00:00
9397486.575,2023-07-09 10:15:00
9397495.278,2023-07-09 10:30:00
9397503.902,2023-07-09 10:45:00
9397512.614,2023-07-09 11:00:00
9397521.264,2023-07-09 11:15:00
9397530.345,2023-07-09 11:30:00
9397539.219,2023-07-09 11:45:00
9397548.271,2023-07-09 12:00:00
9397557.578,2023-07-09 12:15:00
9397567.419,2023-07-09 12:30:00
9397576.432,2023-07-09 12:45:00
9397586.073,2023-07-09 13:00:00
9397595.367,2023-07-09 13:15:00
9397604.55,2023-07-09 13:30:00
9397613.962,2023-07-09 13:45:00
9397623.543,2023-07-09 14:00:00
9397633.378,2023-07-09 14:15:00
9397643.221,2023-07-09 14:30:00
9397653.049,2023-07-09 14:45:00
9397663.063,2023-07-09 15:00:00
9397673.43,2023-07-09 15:15:00
9397683.462,2023-07-09 15:30:00
9397693.957,2023-07-09 15:45:00
9397704.756,2023-07-09 16:00:00
9397715.333,2023-07-09 16:15:00
9397726.623,2023-07-09 16:30:00
9397737.651,2023-07-09 16:45:00
9397748.991,2023-07-09 17:00:00
9397760.283,2023-07-09 17:15:00
9397771.521,2023-07-09 17:30:00
9397782.93,2023-07-09 17:45:00
9397793.989,2023-07-09 18:00:00
9397805.143,2023-07-09 18:15:00
9397816.396,2023-07-09 18:30:00
9397827.993,2023-07-09 18:45:00
9397839.361,2023-07-09 19:00:00
9397850.663,2023-07-09 19:15:00
9397862.353,2023-07-09 19:30:00
9397873.811,2023-07-09 19:45:00
9397885.437,2023-07-09 20:00:00
9397897.122,2023-07-09 20:15:00
9397909.759,2023-07-09 20:30:00
9397922.042,2023-07-09 20:45:00
9397934.539,2023-07-09 21:00:00
9397947.393,2023-07-09 21:15:00
9397959.823,2023-07-09 21:30:00
9397972.395,2023-07-09 21:45:00
9397985.388,2023-07-09 22:00:00
9397997.863,2023-07-09 22:15:00
9398010.541,2023-07-09 22:30:00
9398023.514,2023-07-09 22:45:00
9398036.18,2023-07-09 23:00:00
9398048.646,2023-07-09 23:15:00
9398061.169,2023-07-09 23:30:00
9398073.447,2023-07-09 23:45:00
9398085.971,2023-07-10 00:00:00
9398097.631,2023-07-10 00:15:00
9398108.955,2023-07-10 00:30:00
9398120.265,2023-07-10 00:45:00
9398131.327,2023-07-10 01:00:00
9398142.248,2023-07-10 01:15:00
9398153.159,2023-07-10 01:30:00
9398163.699,2023-07-10 01:45:00
9398174.257,2023-07-10 02:00:00
9398184.366,2023-07-10 02:15:00
9398194.276,2023-07-10 02:30:00
9398204.329,2023-07-10 02:45:00
9398214.885,2023-07-10 03:00:00
9398224.625,2023-07-10 03:15:00
9398234.387,2023-07-10 03:30:00
9398244.028,2023-07-10 03:45:00
9398253.626,2023-07-10 04:00:00
9398263.202,2023-07-10 04:15:00
9398272.701,2023-07-10 04:30:00
9398282.089,2023-07-10 04:45:00
9398291.523,2023-07-10 05:00:00
9398300.93,2023-07-10 05:15:00
9398310.374,2023-07-10 05:30:00
9398319.722,2023-07-10 05:45:00
9398329.704,2023-07-10 06:00:00
9398338.582,2023-07-10 06:15:00
9398347.396,2023-07-10 06:30:00
9398356.022,2023-07-10 06:45:00
9398364.711,2023-07-10 07:00:00
9398373.649,2023-07-10 07:15:00
9398382.692,2023-07-10 07:30:00
9398391.727,2023-07-10 07:45:00
9398400.678,2023-07-10 08:00:00
9398409.496,2023-07-10 08:15:00
9398418.28,2023-07-10 08:30:00
9398427.109,2023-07-10 08:45:00
9398436.705,2023-07-10 09:00:00
9398446.003,2023-07-10 09:15:00
9398454.945,2023-07-10 09:30:00
9398464,2023-07-10 09:45:00
9398473.053,2023-07-10 10:00:00
9398482.62,2023-07-10 10:15:00
9398492.313,2023-07-10 10:30:00
9398501.598,2023-07-10 10:45:00
9398510.752,2023-07-10 11:00:00
9398520.178,2023-07-10 11:15:00
9398529.511,2023-07-10 11:30:00
9398538.782,2023-07-10 11:45:00
9398548.139,2023-07-10 12:00:00
9398557.691,2023-07-10 12:15:00
9398568.243,2023-07-10 12:30:00
9398578.229,2023-07-10 12:45:00
9398587.893,2023-07-10 13:00:00
9398597.971,2023-07-10 13:15:00
9398607.964,2023-07-10 13:30:00
9398617.828,2023-07-10 13:45:00
9398627.678,2023-07-10 14:00:00
9398637.765,2023-07-10 14:15:00
9398647.836,2023-07-10 14:30:00
9398657.749,2023-07-10 14:45:00
9398667.773,2023-07-10 15:00:00
9398677.764,2023-07-10 15:15:00
9398687.963,2023-07-10 15:30:00
9398698.332,2023-07-10 15:45:00
9398709.943,2023-07-10 16:00:00
9398720.588,2023-07-10 16:15:00
9398731.308,2023-07-10 16:30:00
9398741.846,2023-07-10 16:45:00
9398752.599,2023-07-10 17:00:00
9398763.252,2023-07-10 17:15:00
9398773.791,2023-07-10 17:30:00
9398784.47,2023-07-10 17:45:00
9398795.494,2023-07-10 18:00:00
9398806.271,2023-07-10 18:15:00
9398816.744,2023-07-10 18:30:00
9398828.599,2023-07-10 18:45:00
9398839.926,2023-07-10 19:00:00
9398851.315,2023-07-10 19:15:00
9398863.015,2023-07-10 19:30:00
9398874.856,2023-07-10 19:45:00
9398886.857,2023-07-10 20:00:00
9398899.426,2023-07-10 20:15:00
9398912.582,2023-07-10 20:30:00
9398926.295,2023-07-10 20:45:00
9398939.985,2023-07-10 21:00:00
9398954.64,2023-07-10 21:15:00
9398968.603,2023-07-10 21:30:00
9398982.535,2023-07-10 21:45:00
9398996.68,2023-07-10 22:00:00
9399010.932,2023-07-10 22:15:00
9399025.252,2023-07-10 22:30:00
9399038.823,2023-07-10 22:45:00
9399052.496,2023-07-10 23:00:00
9399065.915,2023-07-10 23:15:00
9399079.023,2023-07-10 23:30:00
9399092.319,2023-07-10 23:45:00
9399105.74,2023-07-11 00:00:00
9399118.236,2023-07-11 00:15:00
9399130.215,2023-07-11 00:30:00
9399142.303,2023-07-11 00:45:00
9399153.952,2023-07-11 01:00:00
9399165.457,2023-07-11 01:15:00
9399176.258,2023-07-11 01:30:00
9399187.318,2023-07-11 01:45:00
9399198.182,2023-07-11 02:00:00
9399208.751,2023-07-11 02:15:00
9399220.087,2023-07-11 02:30:00
9399230.224,2023-07-11 02:45:00
9399240.263,2023-07-11 03:00:00
9399250.231,2023-07-11 03:15:00
9399260.116,2023-07-11 03:30:00
9399269.908,2023-07-11 03:45:00
9399279.775,2023-07-11 04:00:00
9399289.513,2023-07-11 04:15:00
9399299.199,2023-07-11 04:30:00
9399308.846,2023-07-11 04:45:00
9399318.392,2023-07-11 05:00:00
9399327.937,2023-07-11 05:15:00
9399338.327,2023-07-11 05:30:00
9399347.228,2023-07-11 05:45:00
9399356.184,2023-07-11 06:00:00
9399365.131,2023-07-11 06:15:00
9399374.228,2023-07-11 06:30:00
9399383.284,2023-07-11 06:45:00
9399392.428,2023-07-11 07:00:00
9399401.25,2023-07-11 07:15:00
9399409.96,2023-07-11 07:30:00
9399418.536,2023-07-11 07:45:00
9399427.87,2023-07-11 08:00:00
9399436.671,2023-07-11 08:15:00
9399445.455,2023-07-11 08:30:00
9399454.165,2023-07-11 08:45:00
9399462.811,2023-07-11 09:00:00
9399471.647,2023-07-11 09:15:00
9399480.632,2023-07-11 09:30:00
9399489.585,2023-07-11 09:45:00
9399498.554,2023-07-11 10:00:00
9399508.801,2023-07-11 10:15:00
9399518.146,2023-07-11 10:30:00
9399527.905,2023-07-11 10:45:00
9399537.34,2023-07-11 11:00:00
9399546.763,2023-07-11 11:15:00
9399556.124,2023-07-11 11:30:00
9399565.329,2023-07-11 11:45:00
9399574.582,2023-07-11 12:00:00
9399584.021,2023-07-11 12:15:00
9399593.329,2023-07-11 12:30:00
9399602.788,2023-07-11 12:45:00
9399612.58,2023-07-11 13:00:00
9399622.568,2023-07-11 13:15:00
9399632.746,2023-07-11 13:30:00
9399642.921,2023-07-11 13:45:00
9399653.247,2023-07-11 14:00:00
9399663.638,2023-07-11 14:15:00
9399673.684,2023-07-11 14:30:00
9399683.642,2023-07-11 14:45:00
9399693.808,2023-07-11 15:00:00
9399704.991,2023-07-11 15:15:00
9399715.9,2023-07-11 15:30:00
9399726.394,2023-07-11 15:45:00
9399737.095,2023-07-11 16:00:00
9399748.235,2023-07-11 16:15:00
9399759.631,2023-07-11 16:30:00
9399770.519,2023-07-11 16:45:00
9399781.757,2023-07-11 17:00:00
9399792.664,2023-07-11 17:15:00
9399803.651,2023-07-11 17:30:00
9399814.57,2023-07-11 17:45:00
9399825.474,2023-07-11 18:00:00
9399836.263,2023-07-11 18:15:00
9399847.827,2023-07-11 18:30:00
9399859.032,2023-07-11 18:45:00
9399870.445,2023-07-11 19:00:00
9399881.96,2023-07-11 19:15:00
9399893.634,2023-07-11 19:30:00
9399905.532,2023-07-11 19:45:00
9399917.804,2023-07-11 20:00:00
9399930.18,2023-07-11 20:15:00
9399943.097,2023-07-11 20:30:00
9399956.2,2023-07-11 20:45:00
9399969.862,2023-07-11 21:00:00
9399984.024,2023-07-11 21:15:00
9399997.929,2023-07-11 21:30:00
9400011.445,2023-07-11 21:45:00
9400025.147,2023-07-11 22:00:00
9400038.844,2023-07-11 22:15:00
9400052.582,2023-07-11 22:30:00
9400066.312,2023-07-11 22:45:00
9400080.07,2023-07-11 23:00:00
9400094.986,2023-07-11 23:15:00
9400108.698,2023-07-11 23:30:00
9400122.19,2023-07-11 23:45:00
9400135.895,2023-07-12 00:00:00
9400149.185,2023-07-12 00:15:00
9400161.703,2023-07-12 00:30:00
9400173.98,2023-07-12 00:45:00
9400186.058,2023-07-12 01:00:00
9400197.793,2023-07-12 01:15:00
9400209.311,2023-07-12 01:30:00
9400220.639,2023-07-12 01:45:00
9400231.627,2023-07-12 02:00:00
9400242.554,2023-07-12 02:15:00
9400253.906,2023-07-12 02:30:00
9400264.251,2023-07-12 02:45:00
9400274.522,2023-07-12 03:00:00
9400284.612,2023-07-12 03:15:00
9400294.668,2023-07-12 03:30:00
9400304.58,2023-07-12 03:45:00
9400314.377,2023-07-12 04:00:00
9400324.194,2023-07-12 04:15:00
9400334.006,2023-07-12 04:30:00
9400343.633,2023-07-12 04:45:00
9400353.344,2023-07-12 05:00:00
9400362.905,2023-07-12 05:15:00
9400373.125,2023-07-12 05:30:00
9400381.986,2023-07-12 05:45:00
9400390.812,2023-07-12 06:00:00
9400399.622,2023-07-12 06:15:00
9400408.457,2023-07-12 06:30:00
9400417.374,2023-07-12 06:45:00
9400426.145,2023-07-12 07:00:00
9400434.746,2023-07-12 07:15:00
9400443.423,2023-07-12 07:30:00
9400452.071,2023-07-12 07:45:00
9400460.679,2023-07-12 08:00:00
9400470.349,2023-07-12 08:15:00
9400479.301,2023-07-12 08:30:00
9400488.171,2023-07-12 08:45:00
9400497.285,2023-07-12 09:00:00
9400506.438,2023-07-12 09:15:00
9400515.593,2023-07-12 09:30:00
9400524.732,2023-07-12 09:45:00
9400533.934,2023-07-12 10:00:00
9400543.118,2023-07-12 10:15:00
9400552.741,2023-07-12 10:30:00
9400562.475,2023-07-12 10:45:00
9400572.382,2023-07-12 11:00:00
9400582.177,2023-07-12 11:15:00
9400592.177,2023-07-12 11:30:00
9400602.199,2023-07-12 11:45:00
9400612.122,2023-07-12 12:00:00
9400622.152,2023-07-12 12:15:00
9400632.351,2023-07-12 12:30:00
9400642.876,2023-07-12 12:45:00
9400653.599,2023-07-12 13:00:00
9400664.422,2023-07-12 13:15:00
9400675.591,2023-07-12 13:30:00
9400686.339,2023-07-12 13:45:00
9400697.154,2023-07-12 14:00:00
9400708.183,2023-07-12 14:15:00
9400719.292,2023-07-12 14:30:00
9400730.821,2023-07-12 14:45:00
9400742.381,2023-07-12 15:00:00
9400753.63,2023-07-12 15:15:00
9400765.051,2023-07-12 15:30:00
9400776.898,2023-07-12 15:45:00
9400788.085,2023-07-12 16:00:00
9400799.338,2023-07-12 16:15:00
9400810.558,2023-07-12 16:30:00
9400822.088,2023-07-12 16:45:00
9400833.785,2023-07-12 17:00:00
9400845.363,2023-07-12 17:15:00
9400856.825,2023-07-12 17:30:00
9400868.053,2023-07-12 17:45:00
9400879.409,2023-07-12 18:00:00
9400891.07,2023-07-12 18:15:00
9400903.59,2023-07-12 18:30:00
9400915.194,2023-07-12 18:45:00
9400927.059,2023-07-12 19:00:00
9400939.439,2023-07-12 19:15:00
9400951.988,2023-07-12 19:30:00
9400964.219,2023-07-12 19:45:00
9400976.793,2023-07-12 20:00:00
9400989.392,2023-07-12 20:15:00
9401002.367,2023-07-12 20:30:00
9401015.791,2023-07-12 20:45:00
9401029.59,2023-07-12 21:00:00
9401044.684,2023-07-12 21:15:00
9401058.843,2023-07-12 21:30:00
9401072.692,2023-07-12 21:45:00
9401086.674,2023-07-12 22:00:00
9401100.467,2023-07-12 22:15:00
9401114.398,2023-07-12 22:30:00
9401128.763,2023-07-12 22:45:00
9401142.546,2023-07-12 23:00:00
9401156.254,2023-07-12 23:15:00
9401170.346,2023-07-12 23:30:00
9401184.198,2023-07-12 23:45:00
9401197.699,2023-07-13 00:00:00
9401210.654,2023-07-13 00:15:00
9401223.358,2023-07-13 00:30:00
9401235.557,2023-07-13 00:45:00
9401248.896,2023-07-13 01:00:00
9401260.737,2023-07-13 01:15:00
9401272.115,2023-07-13 01:30:00
9401283.445,2023-07-13 01:45:00
9401294.167,2023-07-13 02:00:00
9401304.796,2023-07-13 02:15:00
9401315.171,2023-07-13 02:30:00
9401325.398,2023-07-13 02:45:00
9401335.504,2023-07-13 03:00:00
9401345.583,2023-07-13 03:15:00
9401355.668,2023-07-13 03:30:00
9401365.455,2023-07-13 03:45:00
9401375.115,2023-07-13 04:00:00
9401384.877,2023-07-13 04:15:00
9401395.264,2023-07-13 04:30:00
9401404.983,2023-07-13 04:45:00
9401414.598,2023-07-13 05:00:00
9401424.15,2023-07-13 05:15:00
9401433.657,2023-07-13 05:30:00
9401442.846,2023-07-13 05:45:00
9401451.594,2023-07-13 06:00:00
9401460.34,2023-07-13 06:15:00
9401469.461,2023-07-13 06:30:00
9401478.602,2023-07-13 06:45:00
9401487.784,2023-07-13 07:00:00
9401496.879,2023-07-13 07:15:00
9401505.998,2023-07-13 07:30:00
9401515.463,2023-07-13 07:45:00
9401525.073,2023-07-13 08:00:00
9401534.046,2023-07-13 08:15:00
9401543.001,2023-07-13 08:30:00
9401552.155,2023-07-13 08:45:00
9401561.004,2023-07-13 09:00:00
9401570.021,2023-07-13 09:15:00
9401579.638,2023-07-13 09:30:00
9401589.259,2023-07-13 09:45:00
9401598.958,2023-07-13 10:00:00
9401608.806,2023-07-13 10:15:00
9401618.34,2023-07-13 10:30:00
9401628.753,2023-07-13 10:45:00
9401638.291,2023-07-13 11:00:00
9401647.924,2023-07-13 11:15:00
9401657.706,2023-07-13 11:30:00
9401667.283,2023-07-13 11:45:00
9401676.774,2023-07-13 12:00:00
9401686.596,2023-07-13 12:15:00
9401696.631,2023-07-13 12:30:00
9401706.265,2023-07-13 12:45:00
9401716.482,2023-07-13 13:00:00
9401726.741,2023-07-13 13:15:00
9401736.863,2023-07-13 13:30:00
9401746.712,2023-07-13 13:45:00
9401756.744,2023-07-13 14:00:00
9401766.742,2023-07-13 14:15:00
9401776.714,2023-07-13 14:30:00
9401786.533,2023-07-13 14:45:00
9401796.505,2023-07-13 15:00:00
9401807.556,2023-07-13 15:15:00
9401817.96,2023-07-13 15:30:00
9401828.419,2023-07-13 15:45:00
9401839.06,2023-07-13 16:00:00
9401849.539,2023-07-13 16:15:00
9401860.112,2023-07-13 16:30:00
9401870.8,2023-07-13 16:45:00
9401881.523,2023-07-13 17:00:00
9401892.98,2023-07-13 17:15:00
9401903.818,2023-07-13 17:30:00
9401914.54,2023-07-13 17:45:00
9401925.679,2023-07-13 18:00:00
9401936.587,2023-07-13 18:15:00
9401947.296,2023-07-13 18:30:00
9401958.256,2023-07-13 18:45:00
9401969.158,2023-07-13 19:00:00
9401980.824,2023-07-13 19:15:00
9401993.006,2023-07-13 19:30:00
9402006.131,2023-07-13 19:45:00
9402018.184,2023-07-13 20:00:00
9402031.003,2023-07-13 20:15:00
9402043.865,2023-07-13 20:30:00
9402057.543,2023-07-13 20:45:00
9402071.434,2023-07-13 21:00:00
9402085.809,2023-07-13 21:15:00
9402100.418,2023-07-13 21:30:00
9402114.535,2023-07-13 21:45:00
9402128.718,2023-07-13 22:00:00
9402142.855,2023-07-13 22:15:00
9402156.625,2023-07-13 22:30:00
9402170.642,2023-07-13 22:45:00
9402184.819,2023-07-13 23:00:00
9402198.602,2023-07-13 23:15:00
9402212.528,2023-07-13 23:30:00
9402226.324,2023-07-13 23:45:00
9402239.779,2023-07-14 00:00:00
9402253.163,2023-07-14 00:15:00
9402266.06,2023-07-14 00:30:00
9402278.744,2023-07-14 00:45:00
9402291.056,2023-07-14 01:00:00
9402303.294,2023-07-14 01:15:00
9402314.791,2023-07-14 01:30:00
9402325.938,2023-07-14 01:45:00
9402336.89,2023-07-14 02:00:00
9402348.424,2023-07-14 02:15:00
9402359.152,2023-07-14 02:30:00
9402369.678,2023-07-14 02:45:00
9402380.092,2023-07-14 03:00:00
9402390.381,2023-07-14 03:15:00
9402400.604,2023-07-14 03:30:00
9402410.619,2023-07-14 03:45:00
9402420.544,2023-07-14 04:00:00
9402430.489,2023-07-14 04:15:00
9402440.218,2023-07-14 04:30:00
9402449.97,2023-07-14 04:45:00
9402459.602,2023-07-14 05:00:00
9402469.208,2023-07-14 05:15:00
9402479.739,2023-07-14 05:30:00
9402489.266,2023-07-14 05:45:00
9402498.831,2023-07-14 06:00:00
9402508.328,2023-07-14 06:15:00
9402517.536,2023-07-14 06:30:00
9402526.291,2023-07-14 06:45:00
9402534.927,2023-07-14 07:00:00
9402543.745,2023-07-14 07:15:00
9402552.736,2023-07-14 07:30:00
9402561.336,2023-07-14 07:45:00
9402570.053,2023-07-14 08:00:00
9402578.722,2023-07-14 08:15:00
9402587.385,2023-07-14 08:30:00
9402597.118,2023-07-14 08:45:00
9402606.276,2023-07-14 09:00:00
9402615.059,2023-07-14 09:15:00
9402624.293,2023-07-14 09:30:00
9402633.418,2023-07-14 09:45:00
9402642.591,2023-07-14 10:00:00
9402651.954,2023-07-14 10:15:00
9402661.594,2023-07-14 10:30:00
9402670.943,2023-07-14 10:45:00
9402680.438,2023-07-14 11:00:00
9402689.798,2023-07-14 11:15:00
9402700.333,2023-07-14 11:30:00
9402709.823,2023-07-14 11:45:00
9402719.363,2023-07-14 12:00:00
9402729.202,2023-07-14 12:15:00
9402739.267,2023-07-14 12:30:00
9402749.381,2023-07-14 12:45:00
9402759.967,2023-07-14 13:00:00
9402770.689,2023-07-14 13:15:00
9402781.732,2023-07-14 13:30:00
9402792.353,2023-07-14 13:45:00
9402802.942,2023-07-14 14:00:00
9402813.322,2023-07-14 14:15:00
9402823.596,2023-07-14 14:30:00
9402833.843,2023-07-14 14:45:00
9402844.516,2023-07-14 15:00:00
9402856.413,2023-07-14 15:15:00
9402867.576,2023-07-14 15:30:00
9402878.736,2023-07-14 15:45:00
9402889.84,2023-07-14 16:00:00
9402900.938,2023-07-14 16:15:00
9402912.415,2023-07-14 16:30:00
9402923.245,2023-07-14 16:45:00
9402934.313,2023-07-14 17:00:00
9402945.399,2023-07-14 17:15:00
9402956.761,2023-07-14 17:30:00
9402968.031,2023-07-14 17:45:00
9402979.374,2023-07-14 18:00:00
9402990.915,2023-07-14 18:15:00
9403003.446,2023-07-14 18:30:00
9403015.207,2023-07-14 18:45:00
9403026.934,2023-07-14 19:00:00
9403038.776,2023-07-14 19:15:00
9403050.732,2023-07-14 19:30:00
9403062.842,2023-07-14 19:45:00
9403075.079,2023-07-14 20:00:00
9403087.578,2023-07-14 20:15:00
9403099.821,2023-07-14 20:30:00
9403112.626,2023-07-14 20:45:00
9403126.052,2023-07-14 21:00:00
9403139.585,2023-07-14 21:15:00
9403153.081,2023-07-14 21:30:00
9403167.796,2023-07-14 21:45:00
9403181.52,2023-07-14 22:00:00
9403195.266,2023-07-14 22:15:00
9403209.709,2023-07-14 22:30:00
9403223.966,2023-07-14 22:45:00
9403238.071,2023-07-14 23:00:00
9403252.402,2023-07-14 23:15:00
9403266.544,2023-07-14 23:30:00
9403280.658,2023-07-14 23:45:00
9403294.599,2023-07-15 00:00:00
9403308.421,2023-07-15 00:15:00
9403322.123,2023-07-15 00:30:00
9403335.32,2023-07-15 00:45:00
9403348.193,2023-07-15 01:00:00
9403361.911,2023-07-15 01:15:00
9403374.102,2023-07-15 01:30:00
9403386.172,2023-07-15 01:45:00
9403398.045,2023-07-15 02:00:00
9403409.458,2023-07-15 02:15:00
9403420.57,2023-07-15 02:30:00
9403431.57,2023-07-15 02:45:00
9403442.24,2023-07-15 03:00:00
9403452.833,2023-07-15 03:15:00
9403463.245,2023-07-15 03:30:00
9403473.507,2023-07-15 03:45:00
9403484.459,2023-07-15 04:00:00
9403494.322,2023-07-15 04:15:00
9403504.215,2023-07-15 04:30:00
9403514.071,2023-07-15 04:45:00
9403523.824,2023-07-15 05:00:00
9403533.498,2023-07-15 05:15:00
9403543.127,2023-07-15 05:30:00
9403552.254,2023-07-15 05:45:00
9403561.52,2023-07-15 06:00:00
9403570.48,2023-07-15 06:15:00
9403579.478,2023-07-15 06:30:00
9403588.383,2023-07-15 06:45:00
9403598.287,2023-07-15 07:00:00
9403607.247,2023-07-15 07:15:00
9403616.16,2023-07-15 07:30:00
9403625.279,2023-07-15 07:45:00
9403634.634,2023-07-15 08:00:00
9403643.88,2023-07-15 08:15:00
9403653.137,2023-07-15 08:30:00
9403662.278,2023-07-15 08:45:00
9403671.584,2023-07-15 09:00:00
9403680.698,2023-07-15 09:15:00
9403689.771,2023-07-15 09:30:00
9403699.007,2023-07-15 09:45:00
9403708.896,2023-07-15 10:00:00
9403717.928,2023-07-15 10:15:00
9403727.069,2023-07-15 10:30:00
9403736.479,2023-07-15 10:45:00
9403746.026,2023-07-15 11:00:00
9403756.144,2023-07-15 11:15:00
9403766.098,2023-07-15 11:30:00
9403776.096,2023-07-15 11:45:00
9403786.429,2023-07-15 12:00:00
9403797.008,2023-07-15 12:15:00
9403807.461,2023-07-15 12:30:00
9403818.043,2023-07-15 12:45:00
9403828.76,2023-07-15 13:00:00
9403839.984,2023-07-15 13:15:00
9403851.208,2023-07-15 13:30:00
9403862.042,2023-07-15 13:45:00
9403873.168,2023-07-15 14:00:00
9403884.592,2023-07-15 14:15:00
9403896.502,2023-07-15 14:30:00
9403907.633,2023-07-15 14:45:00
9403918.807,2023-07-15 15:00:00
9403930.304,2023-07-15 15:15:00
9403941.745,2023-07-15 15:30:00
9403953.374,2023-07-15 15:45:00
9403964.944,2023-07-15 16:00:00
9403976.233,2023-07-15 16:15:00
9403987.735,2023-07-15 16:30:00
9403999.726,2023-07-15 16:45:00
9404011.091,2023-07-15 17:00:00
9404022.619,2023-07-15 17:15:00
9404034.522,2023-07-15 17:30:00
9404046.025,2023-07-15 17:45:00
9404057.483,2023-07-15 18:00:00
9404068.986,2023-07-15 18:15:00
9404080.315,2023-07-15 18:30:00
9404092.093,2023-07-15 18:45:00
9404103.876,2023-07-15 19:00:00
9404115.486,2023-07-15 19:15:00
9404127.472,2023-07-15 19:30:00
9404140.528,2023-07-15 19:45:00
9404152.755,2023-07-15 20:00:00
9404165.042,2023-07-15 20:15:00
9404178.139,2023-07-15 20:30:00
9404191.417,2023-07-15 20:45:00
9404204.914,2023-07-15 21:00:00
9404218.835,2023-07-15 21:15:00
9404232.803,2023-07-15 21:30:00
9404246.595,2023-07-15 21:45:00
9404261.073,2023-07-15 22:00:00
9404275.848,2023-07-15 22:15:00
9404289.64,2023-07-15 22:30:00
9404303.82,2023-07-15 22:45:00
9404317.424,2023-07-15 23:00:00
9404331.137,2023-07-15 23:15:00
9404345.204,2023-07-15 23:30:00
9404358.605,2023-07-15 23:45:00
9404372.116,2023-07-16 00:00:00
9404386.574,2023-07-16 00:15:00
9404400.098,2023-07-16 00:30:00
9404413.406,2023-07-16 00:45:00
9404426.716,2023-07-16 01:00:00
9404439.725,2023-07-16 01:15:00
9404452.532,2023-07-16 01:30:00
9404465.259,2023-07-16 01:45:00
9404477.694,2023-07-16 02:00:00
9404490.171,2023-07-16 02:15:00
9404502.527,2023-07-16 02:30:00
9404514.819,2023-07-16 02:45:00
9404527.066,2023-07-16 03:00:00
9404538.901,2023-07-16 03:15:00
9404550.237,2023-07-16 03:30:00
9404561.392,2023-07-16 03:45:00
9404572.528,2023-07-16 04:00:00
9404583.341,2023-07-16 04:15:00
9404593.996,2023-07-16 04:30:00
9404604.517,2023-07-16 04:45:00
9404614.892,2023-07-16 05:00:00
9404625.105,2023-07-16 05:15:00
9404635.321,2023-07-16 05:30:00
9404645.405,2023-07-16 05:45:00
9404655.487,2023-07-16 06:00:00
9404666.091,2023-07-16 06:15:00
9404675.798,2023-07-16 06:30:00
9404685.134,2023-07-16 06:45:00
9404694.411,2023-07-16 07:00:00
9404703.636,2023-07-16 07:15:00
9404713.36,2023-07-16 07:30:00
9404722.699,2023-07-16 07:45:00
9404731.913,2023-07-16 08:00:00
9404741.162,2023-07-16 08:15:00
9404750.491,2023-07-16 08:30:00
9404759.82,2023-07-16 08:45:00
9404769.36,2023-07-16 09:00:00
9404778.827,2023-07-16 09:15:00
9404789.104,2023-07-16 09:30:00
9404798.458,2023-07-16 09:45:00
9404807.946,2023-07-16 10:00:00
9404817.565,2023-07-16 10:15:00
9404827.335,2023-07-16 10:30:00
9404837.274,2023-07-16 10:45:00
9404847.389,2023-07-16 11:00:00
9404857.708,2023-07-16 11:15:00
9404867.755,2023-07-16 11:30:00
9404877.857,2023-07-16 11:45:00
9404889.031,2023-07-16 12:00:00
9404899.427,2023-07-16 12:15:00
9404910.243,2023-07-16 12:30:00
9404920.907,2023-07-16 12:45:00
9404931.733,2023-07-16 13:00:00
9404942.914,2023-07-16 13:15:00
9404953.818,2023-07-16 13:30:00
9404964.768,2023-07-16 13:45:00
9404976.508,2023-07-16 14:00:00
9404987.77,2023-07-16 14:15:00
9404999.784,2023-07-16 14:30:00
9405011.361,2023-07-16 14:45:00
9405022.92,2023-07-16 15:00:00
9405034.468,2023-07-16 15:15:00
9405046.783,2023-07-16 15:30:00
9405059.662,2023-07-16 15:45:00
9405071.486,2023-07-16 16:00:00
9405083.904,2023-07-16 16:15:00
9405096.194,2023-07-16 16:30:00
9405108.722,2023-07-16 16:45:00
9405120.98,2023-07-16 17:00:00
9405133.29,2023-07-16 17:15:00
9405145.294,2023-07-16 17:30:00
9405157.662,2023-07-16 17:45:00
9405169.997,2023-07-16 18:00:00
9405182.412,2023-07-16 18:15:00
9405194.977,2023-07-16 18:30:00
9405207.6,2023-07-16 18:45:00
9405220.432,2023-07-16 19:00:00
9405233.059,2023-07-16 19:15:00
9405245.962,2023-07-16 19:30:00
9405258.397,2023-07-16 19:45:00
9405271.54,2023-07-16 20:00:00
9405284.715,2023-07-16 20:15:00
9405298.074,2023-07-16 20:30:00
9405311.915,2023-07-16 20:45:00
9405326.036,2023-07-16 21:00:00
9405340.131,2023-07-16 21:15:00
9405354.038,2023-07-16 21:30:00
9405368.825,2023-07-16 21:45:00
9405382.536,2023-07-16 22:00:00
9405396.936,2023-07-16 22:15:00
9405410.644,2023-07-16 22:30:00
9405424.772,2023-07-16 22:45:00
9405438.951,2023-07-16 23:00:00
9405453.128,2023-07-16 23:15:00
9405467.429,2023-07-16 23:30:00
9405480.968,2023-07-16 23:45:00
9405494.344,2023-07-17 00:00:00
9405507.639,2023-07-17 00:15:00
9405520.279,2023-07-17 00:30:00
9405533.058,2023-07-17 00:45:00
9405545.949,2023-07-17 01:00:00
9405557.69,2023-07-17 01:15:00
9405569.688,2023-07-17 01:30:00
9405581.089,2023-07-17 01:45:00
9405592.1,2023-07-17 02:00:00
9405602.862,2023-07-17 02:15:00
9405613.445,2023-07-17 02:30:00
9405624.478,2023-07-17 02:45:00
9405634.922,2023-07-17 03:00:00
9405645.123,2023-07-17 03:15:00
9405655.235,2023-07-17 03:30:00
9405665.307,2023-07-17 03:45:00
9405675.304,2023-07-17 04:00:00
9405685.32,2023-07-17 04:15:00
9405695.388,2023-07-17 04:30:00
9405705.313,2023-07-17 04:45:00
9405715.213,2023-07-17 05:00:00
9405725.008,2023-07-17 05:15:00
9405734.671,2023-07-17 05:30:00
9405744.019,2023-07-17 05:45:00
9405753.926,2023-07-17 06:00:00
9405762.909,2023-07-17 06:15:00
9405772.081,2023-07-17 06:30:00
9405781.031,2023-07-17 06:45:00
9405790.259,2023-07-17 07:00:00
9405799.793,2023-07-17 07:15:00
9405809.022,2023-07-17 07:30:00
9405818.618,2023-07-17 07:45:00
9405828.132,2023-07-17 08:00:00
9405837.559,2023-07-17 08:15:00
9405846.94,2023-07-17 08:30:00
9405856.153,2023-07-17 08:45:00
9405865.45,2023-07-17 09:00:00
9405875.588,2023-07-17 09:15:00
9405884.818,2023-07-17 09:30:00
9405894.271,2023-07-17 09:45:00
9405903.808,2023-07-17 10:00:00
9405913.33,2023-07-17 10:15:00
9405923.404,2023-07-17 10:30:00
9405932.85,2023-07-17 10:45:00
9405942.282,2023-07-17 11:00:00
9405951.768,2023-07-17 11:15:00
9405961.314,2023-07-17 11:30:00
9405971.236,2023-07-17 11:45:00
9405981.202,2023-07-17 12:00:00
9405991.261,2023-07-17 12:15:00
9406001.441,2023-07-17 12:30:00
9406011.457,2023-07-17 12:45:00
9406022.105,2023-07-17 13:00:00
9406033.079,2023-07-17 13:15:00
9406043.897,2023-07-17 13:30:00
9406054.469,2023-07-17 13:45:00
9406065.219,2023-07-17 14:00:00
9406075.792,2023-07-17 14:15:00
9406086.134,2023-07-17 14:30:00
9406096.665,2023-07-17 14:45:00
9406107.163,2023-07-17 15:00:00
9406117.968,2023-07-17 15:15:00
9406128.591,2023-07-17 15:30:00
9406139.246,2023-07-17 15:45:00
9406150.432,2023-07-17 16:00:00
9406161.321,2023-07-17 16:15:00
9406172.409,2023-07-17 16:30:00
9406183.823,2023-07-17 16:45:00
9406195.009,2023-07-17 17:00:00
9406206.334,2023-07-17 17:15:00
9406217.664,2023-07-17 17:30:00
9406229.418,2023-07-17 17:45:00
9406240.621,2023-07-17 18:00:00
9406251.776,2023-07-17 18:15:00
9406263.101,2023-07-17 18:30:00
9406274.746,2023-07-17 18:45:00
9406286.417,2023-07-17 19:00:00
9406298.321,2023-07-17 19:15:00
9406310.074,2023-07-17 19:30:00
9406322.158,2023-07-17 19:45:00
9406334.763,2023-07-17 20:00:00
9406348.509,2023-07-17 20:15:00
9406361.329,2023-07-17 20:30:00
9406374.781,2023-07-17 20:45:00
9406388.839,2023-07-17 21:00:00
9406403.31,2023-07-17 21:15:00
9406417.253,2023-07-17 21:30:00
9406430.638,2023-07-17 21:45:00
9406444.647,2023-07-17 22:00:00
9406458.292,2023-07-17 22:15:00
9406472.035,2023-07-17 22:30:00
9406485.821,2023-07-17 22:45:00
9406499.456,2023-07-17 23:00:00
9406513.919,2023-07-17 23:15:00
9406527.484,2023-07-17 23:30:00
9406540.91,2023-07-17 23:45:00
9406554.404,2023-07-18 00:00:00
9406567.479,2023-07-18 00:15:00
9406580.317,2023-07-18 00:30:00
9406592.853,2023-07-18 00:45:00
9406605.426,2023-07-18 01:00:00
9406617.246,2023-07-18 01:15:00
9406629.267,2023-07-18 01:30:00
9406640.727,2023-07-18 01:45:00
9406652.115,2023-07-18 02:00:00
9406664.389,2023-07-18 02:15:00
9406675.405,2023-07-18 02:30:00
9406686.422,2023-07-18 02:45:00
9406697.218,2023-07-18 03:00:00
9406707.928,2023-07-18 03:15:00
9406718.372,2023-07-18 03:30:00
9406728.623,2023-07-18 03:45:00
9406738.839,2023-07-18 04:00:00
9406748.955,2023-07-18 04:15:00
9406758.965,2023-07-18 04:30:00
9406769.089,2023-07-18 04:45:00
9406778.769,2023-07-18 05:00:00
9406788.635,2023-07-18 05:15:00
9406799.313,2023-07-18 05:30:00
9406809.089,2023-07-18 05:45:00
9406818.893,2023-07-18 06:00:00
9406828.341,2023-07-18 06:15:00
9406837.493,2023-07-18 06:30:00
9406846.769,2023-07-18 06:45:00
9406855.932,2023-07-18 07:00:00
9406865.741,2023-07-18 07:15:00
9406875.362,2023-07-18 07:30:00
9406884.702,2023-07-18 07:45:00
9406893.877,2023-07-18 08:00:00
9406902.965,2023-07-18 08:15:00
9406912.213,2023-07-18 08:30:00
9406921.367,2023-07-18 08:45:00
9406930.863,2023-07-18 09:00:00
9406941.258,2023-07-18 09:15:00
9406950.665,2023-07-18 09:30:00
9406960.27,2023-07-18 09:45:00
9406969.913,2023-07-18 10:00:00
9406979.615,2023-07-18 10:15:00
9406989.649,2023-07-18 10:30:00
9406999.455,2023-07-18 10:45:00
9407009.643,2023-07-18 11:00:00
9407019.585,2023-07-18 11:15:00
9407029.799,2023-07-18 11:30:00
9407039.966,2023-07-18 11:45:00
9407050.412,2023-07-18 12:00:00
9407060.85,2023-07-18 12:15:00
9407071.821,2023-07-18 12:30:00
9407082.755,2023-07-18 12:45:00
9407093.349,2023-07-18 13:00:00
9407104.289,2023-07-18 13:15:00
9407115.028,2023-07-18 13:30:00
9407125.84,2023-07-18 13:45:00
9407136.852,2023-07-18 14:00:00
9407147.817,2023-07-18 14:15:00
9407158.148,2023-07-18 14:30:00
9407168.481,2023-07-18 14:45:00
9407179.382,2023-07-18 15:00:00
9407190.456,2023-07-18 15:15:00
9407201.494,2023-07-18 15:30:00
9407212.322,2023-07-18 15:45:00
9407223.538,2023-07-18 16:00:00
9407234.704,2023-07-18 16:15:00
9407246.201,2023-07-18 16:30:00
9407257.87,2023-07-18 16:45:00
9407269.397,2023-07-18 17:00:00
9407280.99,2023-07-18 17:15:00
9407293.492,2023-07-18 17:30:00
9407305.128,2023-07-18 17:45:00
9407316.898,2023-07-18 18:00:00
9407328.739,2023-07-18 18:15:00
9407340.877,2023-07-18 18:30:00
9407352.904,2023-07-18 18:45:00
9407365.351,2023-07-18 19:00:00
9407378.031,2023-07-18 19:15:00
9407390.828,2023-07-18 19:30:00
9407403.591,2023-07-18 19:45:00
9407416.493,2023-07-18 20:00:00
9407430.292,2023-07-18 20:15:00
9407443.834,2023-07-18 20:30:00
9407458.388,2023-07-18 20:45:00
9407472.87,2023-07-18 21:00:00
9407487.356,2023-07-18 21:15:00
9407501.893,2023-07-18 21:30:00
9407516.461,2023-07-18 21:45:00
9407531.189,2023-07-18 22:00:00
9407545.977,2023-07-18 22:15:00
9407560.378,2023-07-18 22:30:00
9407574.652,2023-07-18 22:45:00
9407589.141,2023-07-18 23:00:00
9407603.554,2023-07-18 23:15:00
9407617.766,2023-07-18 23:30:00
9407632.069,2023-07-18 23:45:00
9407647.117,2023-07-19 00:00:00
9407661.648,2023-07-19 00:15:00
9407675.293,2023-07-19 00:30:00
9407688.866,2023-07-19 00:45:00
9407702.079,2023-07-19 01:00:00
9407715.035,2023-07-19 01:15:00
9407727.467,2023-07-19 01:30:00
9407739.566,2023-07-19 01:45:00
9407751.608,2023-07-19 02:00:00
9407763.427,2023-07-19 02:15:00
9407774.871,2023-07-19 02:30:00
9407786.131,2023-07-19 02:45:00
9407797.178,2023-07-19 03:00:00
9407808.514,2023-07-19 03:15:00
9407819.724,2023-07-19 03:30:00
9407830.665,2023-07-19 03:45:00
9407841.386,2023-07-19 04:00:00
9407852.897,2023-07-19 04:15:00
9407863.27,2023-07-19 04:30:00
9407873.724,2023-07-19 04:45:00
9407884.177,2023-07-19 05:00:00
9407894.458,2023-07-19 05:15:00
9407904.756,2023-07-19 05:30:00
9407914.503,2023-07-19 05:45:00
9407923.952,2023-07-19 06:00:00
9407933.39,2023-07-19 06:15:00
9407942.825,2023-07-19 06:30:00
9407953.018,2023-07-19 06:45:00
9407962.641,2023-07-19 07:00:00
9407972.052,2023-07-19 07:15:00
9407981.365,2023-07-19 07:30:00
9407990.769,2023-07-19 07:45:00
9408000.002,2023-07-19 08:00:00
9408009.245,2023-07-19 08:15:00
9408018.703,2023-07-19 08:30:00
9408027.895,2023-07-19 08:45:00
9408037.099,2023-07-19 09:00:00
9408046.342,2023-07-19 09:15:00
9408055.787,2023-07-19 09:30:00
9408066.595,2023-07-19 09:45:00
9408076.336,2023-07-19 10:00:00
9408085.736,2023-07-19 10:15:00
9408095.379,2023-07-19 10:30:00
9408105.23,2023-07-19 10:45:00
9408115.14,2023-07-19 11:00:00
9408124.858,2023-07-19 11:15:00
9408135.067,2023-07-19 11:30:00
9408144.715,2023-07-19 11:45:00
9408154.907,2023-07-19 12:00:00
9408165.145,2023-07-19 12:15:00
9408175.649,2023-07-19 12:30:00
9408185.824,2023-07-19 12:45:00
9408196.294,2023-07-19 13:00:00
9408206.801,2023-07-19 13:15:00
9408217.699,2023-07-19 13:30:00
9408228.719,2023-07-19 13:45:00
9408239.849,2023-07-19 14:00:00
9408251.189,2023-07-19 14:15:00
9408262.18,2023-07-19 14:30:00
9408273.162,2023-07-19 14:45:00
9408284.303,2023-07-19 15:00:00
9408296.062,2023-07-19 15:15:00
9408308.114,2023-07-19 15:30:00
9408319.565,2023-07-19 15:45:00
9408331.225,2023-07-19 16:00:00
9408343.276,2023-07-19 16:15:00
9408354.954,2023-07-19 16:30:00
9408366.591,2023-07-19 16:45:00
9408378.315,2023-07-19 17:00:00
9408390.351,2023-07-19 17:15:00
9408402.12,2023-07-19 17:30:00
9408414.01,2023-07-19 17:45:00
9408426.053,2023-07-19 18:00:00
9408438.843,2023-07-19 18:15:00
9408450.683,2023-07-19 18:30:00
9408462.472,2023-07-19 18:45:00
9408474.445,2023-07-19 19:00:00
9408486.638,2023-07-19 19:15:00
9408499.242,2023-07-19 19:30:00
9408511.212,2023-07-19 19:45:00
9408523.709,2023-07-19 20:00:00
9408536.447,2023-07-19 20:15:00
9408549.35,2023-07-19 20:30:00
9408562.374,2023-07-19 20:45:00
9408576.239,2023-07-19 21:00:00
9408590.621,2023-07-19 21:15:00
9408605.141,2023-07-19 21:30:00
9408619.6,2023-07-19 21:45:00
9408634.062,2023-07-19 22:00:00
9408648.153,2023-07-19 22:15:00
9408662.247,2023-07-19 22:30:00
9408676.373,2023-07-19 22:45:00
9408691.528,2023-07-19 23:00:00
9408705.512,2023-07-19 23:15:00
9408719.369,2023-07-19 23:30:00
9408733.319,2023-07-19 23:45:00
9408746.864,2023-07-20 00:00:00
9408760.458,2023-07-20 00:15:00
9408774.143,2023-07-20 00:30:00
9408787.092,2023-07-20 00:45:00
9408800.336,2023-07-20 01:00:00
9408813.332,2023-07-20 01:15:00
9408826.286,2023-07-20 01:30:00
9408838.984,2023-07-20 01:45:00
9408851.24,2023-07-20 02:00:00
9408863.136,2023-07-20 02:15:00
9408875.544,2023-07-20 02:30:00
9408886.86,2023-07-20 02:45:00
9408897.833,2023-07-20 03:00:00
9408908.72,2023-07-20 03:15:00
9408919.353,2023-07-20 03:30:00
9408929.796,2023-07-20 03:45:00
9408940.324,2023-07-20 04:00:00
9408950.487,2023-07-20 04:15:00
9408960.623,2023-07-20 04:30:00
9408970.733,2023-07-20 04:45:00
9408980.724,2023-07-20 05:00:00
9408990.687,2023-07-20 05:15:00
9409001.519,2023-07-20 05:30:00
9409010.835,2023-07-20 05:45:00
9409019.959,2023-07-20 06:00:00
9409029.138,2023-07-20 06:15:00
9409038.419,2023-07-20 06:30:00
9409047.621,2023-07-20 06:45:00
9409056.799,2023-07-20 07:00:00
9409065.794,2023-07-20 07:15:00
9409075.085,2023-07-20 07:30:00
9409084.119,2023-07-20 07:45:00
9409093.402,2023-07-20 08:00:00
9409102.492,2023-07-20 08:15:00
9409112.667,2023-07-20 08:30:00
9409121.879,2023-07-20 08:45:00
9409131.457,2023-07-20 09:00:00
9409141.057,2023-07-20 09:15:00
9409150.648,2023-07-20 09:30:00
9409160.534,2023-07-20 09:45:00
9409170.215,2023-07-20 10:00:00
9409180.046,2023-07-20 10:15:00
9409189.961,2023-07-20 10:30:00
9409200.048,2023-07-20 10:45:00
9409210.286,2023-07-20 11:00:00
9409220.436,2023-07-20 11:15:00
9409231.416,2023-07-20 11:30:00
9409241.473,2023-07-20 11:45:00
9409251.766,2023-07-20 12:00:00
9409261.75,2023-07-20 12:15:00
9409271.996,2023-07-20 12:30:00
9409282.429,2023-07-20 12:45:00
9409293.316,2023-07-20 13:00:00
9409303.902,2023-07-20 13:15:00
9409314.965,2023-07-20 13:30:00
9409325.601,2023-07-20 13:45:00
9409336.461,2023-07-20 14:00:00
9409347.072,2023-07-20 14:15:00
9409357.832,2023-07-20 14:30:00
9409368.582,2023-07-20 14:45:00
9409378.918,2023-07-20 15:00:00
9409389.179,2023-07-20 15:15:00
9409400.197,2023-07-20 15:30:00
9409411.65,2023-07-20 15:45:00
9409422.704,2023-07-20 16:00:00
9409433.689,2023-07-20 16:15:00
9409444.622,2023-07-20 16:30:00
9409455.662,2023-07-20 16:45:00
9409466.65,2023-07-20 17:00:00
9409477.719,2023-07-20 17:15:00
9409488.794,2023-07-20 17:30:00
9409500.288,2023-07-20 17:45:00
9409511.702,2023-07-20 18:00:00
9409523.154,2023-07-20 18:15:00
9409534.422,2023-07-20 18:30:00
9409546.583,2023-07-20 18:45:00
9409558.061,2023-07-20 19:00:00
9409569.43,2023-07-20 19:15:00
9409580.629,2023-07-20 19:30:00
9409592.158,2023-07-20 19:45:00
9409603.891,2023-07-20 20:00:00
9409616.272,2023-07-20 20:15:00
9409628.536,2023-07-20 20:30:00
9409641.295,2023-07-20 20:45:00
9409654.539,2023-07-20 21:00:00
9409667.815,2023-07-20 21:15:00
9409681.468,2023-07-20 21:30:00
9409695.602,2023-07-20 21:45:00
9409709.292,2023-07-20 22:00:00
9409723.03,2023-07-20 22:15:00
9409736.997,2023-07-20 22:30:00
9409750.894,2023-07-20 22:45:00
9409764.973,2023-07-20 23:00:00
9409779.057,2023-07-20 23:15:00
9409794.096,2023-07-20 23:30:00
9409808.421,2023-07-20 23:45:00
9409822.527,2023-07-21 00:00:00
9409836.776,2023-07-21 00:15:00
9409850.417,2023-07-21 00:30:00
9409863.243,2023-07-21 00:45:00
9409875.762,2023-07-21 01:00:00
9409888.297,2023-07-21 01:15:00
9409900.951,2023-07-21 01:30:00
9409912.616,2023-07-21 01:45:00
9409924.41,2023-07-21 02:00:00
9409935.811,2023-07-21 02:15:00
9409947.07,2023-07-21 02:30:00
9409958.342,2023-07-21 02:45:00
9409969.167,2023-07-21 03:00:00
9409980.124,2023-07-21 03:15:00
9409990.825,2023-07-21 03:30:00
9410001.386,2023-07-21 03:45:00
9410011.979,2023-07-21 04:00:00
9410022.277,2023-07-21 04:15:00
9410032.545,2023-07-21 04:30:00
9410043.804,2023-07-21 04:45:00
9410053.823,2023-07-21 05:00:00
9410063.736,2023-07-21 05:15:00
9410073.619,2023-07-21 05:30:00
9410083.513,2023-07-21 05:45:00
9410093.129,2023-07-21 06:00:00
9410102.189,2023-07-21 06:15:00
9410111.388,2023-07-21 06:30:00
9410120.408,2023-07-21 06:45:00
9410129.616,2023-07-21 07:00:00
9410138.452,2023-07-21 07:15:00
9410147.269,2023-07-21 07:30:00
9410156.136,2023-07-21 07:45:00
9410166.127,2023-07-21 08:00:00
9410175.006,2023-07-21 08:15:00
9410183.932,2023-07-21 08:30:00
9410192.967,2023-07-21 08:45:00
9410202.739,2023-07-21 09:00:00
9410212.449,2023-07-21 09:15:00
9410222.204,2023-07-21 09:30:00
9410232.113,2023-07-21 09:45:00
9410241.911,2023-07-21 10:00:00
9410251.684,2023-07-21 10:15:00
9410261.449,2023-07-21 10:30:00
9410271.475,2023-07-21 10:45:00
9410281.328,2023-07-21 11:00:00
9410291.097,2023-07-21 11:15:00
9410301.236,2023-07-21 11:30:00
9410311.237,2023-07-21 11:45:00
9410321.245,2023-07-21 12:00:00
9410331.123,2023-07-21 12:15:00
9410340.998,2023-07-21 12:30:00
9410351.143,2023-07-21 12:45:00
9410361.766,2023-07-21 13:00:00
9410371.909,2023-07-21 13:15:00
9410382.437,2023-07-21 13:30:00
9410392.883,2023-07-21 13:45:00
9410403.689,2023-07-21 14:00:00
9410414.76,2023-07-21 14:15:00
9410425.637,2023-07-21 14:30:00
9410436.602,2023-07-21 14:45:00
9410447.691,2023-07-21 15:00:00
9410459.203,2023-07-21 15:15:00
9410470.491,2023-07-21 15:30:00
9410482.196,2023-07-21 15:45:00
9410494.037,2023-07-21 16:00:00
9410505.905,2023-07-21 16:15:00
9410517.957,2023-07-21 16:30:00
9410529.508,2023-07-21 16:45:00
9410540.89,2023-07-21 17:00:00
9410552.213,2023-07-21 17:15:00
9410563.584,2023-07-21 17:30:00
9410575.803,2023-07-21 17:45:00
9410587.061,2023-07-21 18:00:00
9410598.591,2023-07-21 18:15:00
9410610.198,2023-07-21 18:30:00
9410621.68,2023-07-21 18:45:00
9410632.891,2023-07-21 19:00:00
9410644.482,2023-07-21 19:15:00
9410655.936,2023-07-21 19:30:00
9410667.386,2023-07-21 19:45:00
9410678.66,2023-07-21 20:00:00
9410690.037,2023-07-21 20:15:00
9410702.802,2023-07-21 20:30:00
9410715.231,2023-07-21 20:45:00
9410728.053,2023-07-21 21:00:00
9410740.872,2023-07-21 21:15:00
9410753.882,2023-07-21 21:30:00
9410767.259,2023-07-21 21:45:00
9410780.692,2023-07-21 22:00:00
9410793.828,2023-07-21 22:15:00
9410807.11,2023-07-21 22:30:00
9410820.449,2023-07-21 22:45:00
9410833.712,2023-07-21 23:00:00
9410847.554,2023-07-21 23:15:00
9410861.296,2023-07-21 23:30:00
9410874.451,2023-07-21 23:45:00
9410887.614,2023-07-22 00:00:00
9410900.717,2023-07-22 00:15:00
9410913.602,2023-07-22 00:30:00
9410926.136,2023-07-22 00:45:00
9410938.799,2023-07-22 01:00:00
9410951.104,2023-07-22 01:15:00
9410963.249,2023-07-22 01:30:00
9410975.315,2023-07-22 01:45:00
9410986.863,2023-07-22 02:00:00
9410999.223,2023-07-22 02:15:00
9411010.53,2023-07-22 02:30:00
9411021.59,2023-07-22 02:45:00
9411032.266,2023-07-22 03:00:00
9411043.058,2023-07-22 03:15:00
9411053.54,2023-07-22 03:30:00
9411063.921,2023-07-22 03:45:00
9411074.052,2023-07-22 04:00:00
9411084.055,2023-07-22 04:15:00
9411094.127,2023-07-22 04:30:00
9411104.085,2023-07-22 04:45:00
9411113.959,2023-07-22 05:00:00
9411124.786,2023-07-22 05:15:00
9411134.479,2023-07-22 05:30:00
9411143.359,2023-07-22 05:45:00
9411152.209,2023-07-22 06:00:00
9411161.09,2023-07-22 06:15:00
9411169.913,2023-07-22 06:30:00
9411178.797,2023-07-22 06:45:00
9411187.606,2023-07-22 07:00:00
9411196.355,2023-07-22 07:15:00
9411205.288,2023-07-22 07:30:00
9411214.086,2023-07-22 07:45:00
9411223.779,2023-07-22 08:00:00
9411232.678,2023-07-22 08:15:00
9411241.888,2023-07-22 08:30:00
9411250.98,2023-07-22 08:45:00
9411259.95,2023-07-22 09:00:00
9411268.915,2023-07-22 09:15:00
9411277.837,2023-07-22 09:30:00
9411286.888,2023-07-22 09:45:00
9411296.067,2023-07-22 10:00:00
9411305.005,2023-07-22 10:15:00
9411314.05,2023-07-22 10:30:00
9411324.356,2023-07-22 10:45:00
9411333.45,2023-07-22 11:00:00
9411342.7,2023-07-22 11:15:00
9411352.006,2023-07-22 11:30:00
9411361.365,2023-07-22 11:45:00
9411371.279,2023-07-22 12:00:00
9411381.205,2023-07-22 12:15:00
9411391.618,2023-07-22 12:30:00
9411401.877,2023-07-22 12:45:00
9411411.966,2023-07-22 13:00:00
9411422.767,2023-07-22 13:15:00
9411433.621,2023-07-22 13:30:00
9411444.327,2023-07-22 13:45:00
9411455.189,2023-07-22 14:00:00
9411465.788,2023-07-22 14:15:00
9411476.554,2023-07-22 14:30:00
9411488.253,2023-07-22 14:45:00
9411499.093,2023-07-22 15:00:00
9411509.678,2023-07-22 15:15:00
9411520.339,2023-07-22 15:30:00
9411531.544,2023-07-22 15:45:00
9411542.717,2023-07-22 16:00:00
9411553.696,2023-07-22 16:15:00
9411564.503,2023-07-22 16:30:00
9411575.277,2023-07-22 16:45:00
9411586.466,2023-07-22 17:00:00
9411597.492,2023-07-22 17:15:00
9411608.51,2023-07-22 17:30:00
9411619.424,2023-07-22 17:45:00
9411630.223,2023-07-22 18:00:00
9411642.295,2023-07-22 18:15:00
9411653.548,2023-07-22 18:30:00
9411664.787,2023-07-22 18:45:00
9411676.12,2023-07-22 19:00:00
9411687.6,2023-07-22 19:15:00
9411699.605,2023-07-22 19:30:00
9411711.416,2023-07-22 19:45:00
9411723.108,2023-07-22 20:00:00
9411735.002,2023-07-22 20:15:00
9411747.15,2023-07-22 20:30:00
9411759.513,2023-07-22 20:45:00
9411773.856,2023-07-22 21:00:00
9411787.783,2023-07-22 21:15:00
9411801.087,2023-07-22 21:30:00
9411814.638,2023-07-22 21:45:00
9411828.405,2023-07-22 22:00:00
9411841.718,2023-07-22 22:15:00
9411855.242,2023-07-22 22:30:00
9411868.752,2023-07-22 22:45:00
9411882.233,2023-07-22 23:00:00
9411895.543,2023-07-22 23:15:00
9411908.687,2023-07-22 23:30:00
9411921.834,2023-07-22 23:45:00
9411934.84,2023-07-23 00:00:00
9411947.936,2023-07-23 00:15:00
9411960.799,2023-07-23 00:30:00
9411973.387,2023-07-23 00:45:00
9411985.753,2023-07-23 01:00:00
9411999.052,2023-07-23 01:15:00
9412011.239,2023-07-23 01:30:00
9412023.121,2023-07-23 01:45:00
9412034.766,2023-07-23 02:00:00
9412046.422,2023-07-23 02:15:00
9412057.765,2023-07-23 02:30:00
9412069.001,2023-07-23 02:45:00
9412080.074,2023-07-23 03:00:00
9412090.777,2023-07-23 03:15:00
9412101.342,2023-07-23 03:30:00
9412111.624,2023-07-23 03:45:00
9412121.809,2023-07-23 04:00:00
9412132.868,2023-07-23 04:15:00
9412142.785,2023-07-23 04:30:00
9412152.524,2023-07-23 04:45:00
9412162.234,2023-07-23 05:00:00
9412171.925,2023-07-23 05:15:00
9412181.469,2023-07-23 05:30:00
9412190.457,2023-07-23 05:45:00
9412199.388,2023-07-23 06:00:00
9412208.203,2023-07-23 06:15:00
9412216.951,2023-07-23 06:30:00
9412225.79,2023-07-23 06:45:00
9412235.471,2023-07-23 07:00:00
9412244.194,2023-07-23 07:15:00
9412253.101,2023-07-23 07:30:00
9412261.974,2023-07-23 07:45:00
9412270.816,2023-07-23 08:00:00
9412279.628,2023-07-23 08:15:00
9412288.533,2023-07-23 08:30:00
9412297.355,2023-07-23 08:45:00
9412306.355,2023-07-23 09:00:00
9412315.593,2023-07-23 09:15:00
9412324.698,2023-07-23 09:30:00
9412334.815,2023-07-23 09:45:00
9412344.234,2023-07-23 10:00:00
9412353.635,2023-07-23 10:15:00
9412363.027,2023-07-23 10:30:00
9412372.465,2023-07-23 10:45:00
9412382.191,2023-07-23 11:00:00
9412391.997,2023-07-23 11:15:00
9412401.541,2023-07-23 11:30:00
9412411.23,2023-07-23 11:45:00
9412420.891,2023-07-23 12:00:00
9412431.48,2023-07-23 12:15:00
9412441.33,2023-07-23 12:30:00
9412451.758,2023-07-23 12:45:00
9412461.897,2023-07-23 13:00:00
9412472.533,2023-07-23 13:15:00
9412483.392,2023-07-23 13:30:00
9412494.151,2023-07-23 13:45:00
9412504.921,2023-07-23 14:00:00
9412516.168,2023-07-23 14:15:00
9412527.338,2023-07-23 14:30:00
9412538.477,2023-07-23 14:45:00
9412549.299,2023-07-23 15:00:00
9412560.172,2023-07-23 15:15:00
9412571.18,2023-07-23 15:30:00
9412582.228,2023-07-23 15:45:00
9412593.414,2023-07-23 16:00:00
9412605.858,2023-07-23 16:15:00
9412617.35,2023-07-23 16:30:00
9412628.852,2023-07-23 16:45:00
9412640.671,2023-07-23 17:00:00
9412652.561,2023-07-23 17:15:00
9412664.195,2023-07-23 17:30:00
9412675.633,2023-07-23 17:45:00
9412687.149,2023-07-23 18:00:00
9412698.703,2023-07-23 18:15:00
9412710.214,2023-07-23 18:30:00
9412721.618,2023-07-23 18:45:00
9412732.832,2023-07-23 19:00:00
9412744.572,2023-07-23 19:15:00
9412756.901,2023-07-23 19:30:00
9412768.716,2023-07-23 19:45:00
9412780.546,2023-07-23 20:00:00
9412792.757,2023-07-23 20:15:00
9412805.423,2023-07-23 20:30:00
9412818.578,2023-07-23 20:45:00
9412831.899,2023-07-23 21:00:00
9412845.796,2023-07-23 21:15:00
9412859.737,2023-07-23 21:30:00
9412873.551,2023-07-23 21:45:00
9412887.359,2023-07-23 22:00:00
9412902.034,2023-07-23 22:15:00
9412916.141,2023-07-23 22:30:00
9412930.212,2023-07-23 22:45:00
9412944.453,2023-07-23 23:00:00
9412958.549,2023-07-23 23:15:00
9412972.037,2023-07-23 23:30:00
9412985.44,2023-07-23 23:45:00
9412998.378,2023-07-24 00:00:00
9413012.266,2023-07-24 00:15:00
9413024.952,2023-07-24 00:30:00
9413037.392,2023-07-24 00:45:00
9413049.715,2023-07-24 01:00:00
9413061.93,2023-07-24 01:15:00
9413073.509,2023-07-24 01:30:00
9413084.743,2023-07-24 01:45:00
9413095.888,2023-07-24 02:00:00
9413106.851,2023-07-24 02:15:00
9413117.437,2023-07-24 02:30:00
9413127.987,2023-07-24 02:45:00
9413139.174,2023-07-24 03:00:00
9413149.422,2023-07-24 03:15:00
9413159.68,2023-07-24 03:30:00
9413169.925,2023-07-24 03:45:00
9413179.922,2023-07-24 04:00:00
9413189.896,2023-07-24 04:15:00
9413199.619,2023-07-24 04:30:00
9413209.275,2023-07-24 04:45:00
9413218.891,2023-07-24 05:00:00
9413228.426,2023-07-24 05:15:00
9413237.904,2023-07-24 05:30:00
9413246.779,2023-07-24 05:45:00
9413256.586,2023-07-24 06:00:00
9413265.473,2023-07-24 06:15:00
9413274.351,2023-07-24 06:30:00
9413283.089,2023-07-24 06:45:00
9413291.847,2023-07-24 07:00:00
9413300.781,2023-07-24 07:15:00
9413309.582,2023-07-24 07:30:00
9413319.072,2023-07-24 07:45:00
9413328.151,2023-07-24 08:00:00
9413337.349,2023-07-24 08:15:00
9413346.839,2023-07-24 08:30:00
9413356.364,2023-07-24 08:45:00
9413365.52,2023-07-24 09:00:00
9413375.115,2023-07-24 09:15:00
9413384.75,2023-07-24 09:30:00
9413394.293,2023-07-24 09:45:00
9413403.807,2023-07-24 10:00:00
9413413.39,2023-07-24 10:15:00
9413423.142,2023-07-24 10:30:00
9413432.723,2023-07-24 10:45:00
9413442.448,2023-07-24 11:00:00
9413452.093,2023-07-24 11:15:00
9413461.853,2023-07-24 11:30:00
9413471.632,2023-07-24 11:45:00
9413481.108,2023-07-24 12:00:00
9413490.817,2023-07-24 12:15:00
9413500.511,2023-07-24 12:30:00
9413510.296,2023-07-24 12:45:00
9413520.736,2023-07-24 13:00:00
9413530.583,2023-07-24 13:15:00
9413540.562,2023-07-24 13:30:00
9413550.426,2023-07-24 13:45:00
9413560.655,2023-07-24 14:00:00
9413571.011,2023-07-24 14:15:00
9413581.266,2023-07-24 14:30:00
9413591.54,2023-07-24 14:45:00
9413601.838,2023-07-24 15:00:00
9413613.106,2023-07-24 15:15:00
9413623.61,2023-07-24 15:30:00
9413634.217,2023-07-24 15:45:00
9413645.18,2023-07-24 16:00:00
9413656.441,2023-07-24 16:15:00
9413667.886,2023-07-24 16:30:00
9413679.174,2023-07-24 16:45:00
9413690.421,2023-07-24 17:00:00
9413701.5,2023-07-24 17:15:00
9413712.529,2023-07-24 17:30:00
9413723.761,2023-07-24 17:45:00
9413734.669,2023-07-24 18:00:00
9413746.967,2023-07-24 18:15:00
9413758.277,2023-07-24 18:30:00
9413769.341,2023-07-24 18:45:00
9413781.068,2023-07-24 19:00:00
9413792.676,2023-07-24 19:15:00
9413804.24,2023-07-24 19:30:00
9413816.035,2023-07-24 19:45:00
9413827.926,2023-07-24 20:00:00
9413839.977,2023-07-24 20:15:00
9413853.545,2023-07-24 20:30:00
9413867.09,2023-07-24 20:45:00
9413880.811,2023-07-24 21:00:00
9413895.744,2023-07-24 21:15:00
9413909.738,2023-07-24 21:30:00
9413923.666,2023-07-24 21:45:00
9413937.628,2023-07-24 22:00:00
9413951.647,2023-07-24 22:15:00
9413965.63,2023-07-24 22:30:00
9413979.871,2023-07-24 22:45:00
9413993.871,2023-07-24 23:00:00
9414007.773,2023-07-24 23:15:00
9414021.672,2023-07-24 23:30:00
9414035.742,2023-07-24 23:45:00
9414049.878,2023-07-25 00:00:00
9414063.026,2023-07-25 00:15:00
9414075.78,2023-07-25 00:30:00
9414088.184,2023-07-25 00:45:00
9414100.843,2023-07-25 01:00:00
9414113.267,2023-07-25 01:15:00
9414125.022,2023-07-25 01:30:00
9414136.442,2023-07-25 01:45:00
9414147.694,2023-07-25 02:00:00
9414158.888,2023-07-25 02:15:00
9414170.678,2023-07-25 02:30:00
9414181.221,2023-07-25 02:45:00
9414191.588,2023-07-25 03:00:00
9414201.943,2023-07-25 03:15:00
9414212.149,2023-07-25 03:30:00
9414222.19,2023-07-25 03:45:00
9414232.107,2023-07-25 04:00:00
9414241.944,2023-07-25 04:15:00
9414251.832,2023-07-25 04:30:00
9414261.575,2023-07-25 04:45:00
9414272.102,2023-07-25 05:00:00
9414281.92,2023-07-25 05:15:00
9414291.618,2023-07-25 05:30:00
9414300.767,2023-07-25 05:45:00
9414309.64,2023-07-25 06:00:00
9414318.661,2023-07-25 06:15:00
9414327.597,2023-07-25 06:30:00
9414336.556,2023-07-25 06:45:00
9414345.398,2023-07-25 07:00:00
9414355.274,2023-07-25 07:15:00
9414364.079,2023-07-25 07:30:00
9414372.777,2023-07-25 07:45:00
9414381.63,2023-07-25 08:00:00
9414390.414,2023-07-25 08:15:00
9414399.491,2023-07-25 08:30:00
9414408.581,2023-07-25 08:45:00
9414417.559,2023-07-25 09:00:00
9414426.71,2023-07-25 09:15:00
9414435.994,2023-07-25 09:30:00
9414445.984,2023-07-25 09:45:00
9414455.523,2023-07-25 10:00:00
9414465.339,2023-07-25 10:15:00
9414475.566,2023-07-25 10:30:00
9414485.527,2023-07-25 10:45:00
9414495.025,2023-07-25 11:00:00
9414504.691,2023-07-25 11:15:00
9414514.343,2023-07-25 11:30:00
9414524.114,2023-07-25 11:45:00
9414533.632,2023-07-25 12:00:00
9414543.779,2023-07-25 12:15:00
9414553.608,2023-07-25 12:30:00
9414563.947,2023-07-25 12:45:00
9414574.289,2023-07-25 13:00:00
9414584.593,2023-07-25 13:15:00
9414594.825,2023-07-25 13:30:00
9414605.358,2023-07-25 13:45:00
9414615.918,2023-07-25 14:00:00
9414626.576,2023-07-25 14:15:00
9414637.064,2023-07-25 14:30:00
9414647.562,2023-07-25 14:45:00
9414658.154,2023-07-25 15:00:00
9414668.708,2023-07-25 15:15:00
9414679.106,2023-07-25 15:30:00
9414689.851,2023-07-25 15:45:00
9414701.353,2023-07-25 16:00:00
9414712.246,2023-07-25 16:15:00
9414723.361,2023-07-25 16:30:00
9414735.106,2023-07-25 16:45:00
9414746.64,2023-07-25 17:00:00
9414758.867,2023-07-25 17:15:00
9414771.133,2023-07-25 17:30:00
9414783.398,2023-07-25 17:45:00
9414795.599,2023-07-25 18:00:00
9414807.337,2023-07-25 18:15:00
9414819.3,2023-07-25 18:30:00
9414831.752,2023-07-25 18:45:00
9414843.588,2023-07-25 19:00:00
9414855.551,2023-07-25 19:15:00
9414867.557,2023-07-25 19:30:00
9414880.217,2023-07-25 19:45:00
9414892.78,2023-07-25 20:00:00
9414905.892,2023-07-25 20:15:00
9414918.927,2023-07-25 20:30:00
9414933.001,2023-07-25 20:45:00
9414946.973,2023-07-25 21:00:00
9414961.252,2023-07-25 21:15:00
9414975.553,2023-07-25 21:30:00
9414991.097,2023-07-25 21:45:00
9415005.659,2023-07-25 22:00:00
9415019.881,2023-07-25 22:15:00
9415034.174,2023-07-25 22:30:00
9415048.681,2023-07-25 22:45:00
9415063.037,2023-07-25 23:00:00
9415077.334,2023-07-25 23:15:00
9415092.138,2023-07-25 23:30:00
9415106.287,2023-07-25 23:45:00
9415120.359,2023-07-26 00:00:00
9415134.129,2023-07-26 00:15:00
9415147.414,2023-07-26 00:30:00
9415160.585,2023-07-26 00:45:00
9415173.504,2023-07-26 01:00:00
9415187.063,2023-07-26 01:15:00
9415199.322,2023-07-26 01:30:00
9415211.407,2023-07-26 01:45:00
9415223.292,2023-07-26 02:00:00
9415234.544,2023-07-26 02:15:00
9415245.452,2023-07-26 02:30:00
9415256.25,2023-07-26 02:45:00
9415267.26,2023-07-26 03:00:00
9415278.031,2023-07-26 03:15:00
9415288.491,2023-07-26 03:30:00
9415298.919,2023-07-26 03:45:00
9415309.286,2023-07-26 04:00:00
9415319.915,2023-07-26 04:15:00
9415330.47,2023-07-26 04:30:00
9415340.573,2023-07-26 04:45:00
9415350.555,2023-07-26 05:00:00
9415360.443,2023-07-26 05:15:00
9415370.446,2023-07-26 05:30:00
9415379.963,2023-07-26 05:45:00
9415389.067,2023-07-26 06:00:00
9415398.153,2023-07-26 06:15:00
9415407.349,2023-07-26 06:30:00
9415416.42,2023-07-26 06:45:00
9415426.861,2023-07-26 07:00:00
9415436.1,2023-07-26 07:15:00
9415445.018,2023-07-26 07:30:00
9415454.002,2023-07-26 07:45:00
9415463.048,2023-07-26 08:00:00
9415471.927,2023-07-26 08:15:00
9415480.84,2023-07-26 08:30:00
9415490.02,2023-07-26 08:45:00
9415499.071,2023-07-26 09:00:00
9415508.234,2023-07-26 09:15:00
9415517.469,2023-07-26 09:30:00
9415527.589,2023-07-26 09:45:00
9415537.22,2023-07-26 10:00:00
9415546.837,2023-07-26 10:15:00
9415556.763,2023-07-26 10:30:00
9415566.427,2023-07-26 10:45:00
9415575.977,2023-07-26 11:00:00
9415585.444,2023-07-26 11:15:00
9415595.017,2023-07-26 11:30:00
9415604.712,2023-07-26 11:45:00
9415614.252,2023-07-26 12:00:00
9415623.701,2023-07-26 12:15:00
9415633.279,2023-07-26 12:30:00
9415642.778,2023-07-26 12:45:00
9415652.823,2023-07-26 13:00:00
9415662.917,2023-07-26 13:15:00
9415673.184,2023-07-26 13:30:00
9415683.439,2023-07-26 13:45:00
9415693.978,2023-07-26 14:00:00
9415704.824,2023-07-26 14:15:00
9415715.304,2023-07-26 14:30:00
9415725.8,2023-07-26 14:45:00
9415736.552,2023-07-26 15:00:00
9415747.175,2023-07-26 15:15:00
9415757.691,2023-07-26 15:30:00
9415768.771,2023-07-26 15:45:00
9415780.091,2023-07-26 16:00:00
9415790.887,2023-07-26 16:15:00
9415801.939,2023-07-26 16:30:00
9415812.931,2023-07-26 16:45:00
9415823.863,2023-07-26 17:00:00
9415834.866,2023-07-26 17:15:00
9415845.988,2023-07-26 17:30:00
9415857.012,2023-07-26 17:45:00
9415869.196,2023-07-26 18:00:00
9415880.37,2023-07-26 18:15:00
9415891.623,2023-07-26 18:30:00
9415903.147,2023-07-26 18:45:00
9415914.96,2023-07-26 19:00:00
9415926.563,2023-07-26 19:15:00
9415938.59,2023-07-26 19:30:00
9415950.535,2023-07-26 19:45:00
9415962.407,2023-07-26 20:00:00
9415974.723,2023-07-26 20:15:00
9415987.147,2023-07-26 20:30:00
9416000.415,2023-07-26 20:45:00
9416014.732,2023-07-26 21:00:00
9416028.294,2023-07-26 21:15:00
9416042.149,2023-07-26 21:30:00
9416056.429,2023-07-26 21:45:00
9416070.817,2023-07-26 22:00:00
9416085.431,2023-07-26 22:15:00
9416100.049,2023-07-26 22:30:00
9416114.588,2023-07-26 22:45:00
9416129.081,2023-07-26 23:00:00
9416143.083,2023-07-26 23:15:00
9416156.882,2023-07-26 23:30:00
9416170.56,2023-07-26 23:45:00
9416185.072,2023-07-27 00:00:00
9416198.41,2023-07-27 00:15:00
9416211.831,2023-07-27 00:30:00
9416225.083,2023-07-27 00:45:00
9416237.834,2023-07-27 01:00:00
9416250.298,2023-07-27 01:15:00
9416262.671,2023-07-27 01:30:00
9416274.998,2023-07-27 01:45:00
9416286.643,2023-07-27 02:00:00
9416297.948,2023-07-27 02:15:00
9416309.153,2023-07-27 02:30:00
9416320.097,2023-07-27 02:45:00
9416331.665,2023-07-27 03:00:00
9416342.5,2023-07-27 03:15:00
9416352.944,2023-07-27 03:30:00
9416363.261,2023-07-27 03:45:00
9416373.519,2023-07-27 04:00:00
9416383.591,2023-07-27 04:15:00
9416393.633,2023-07-27 04:30:00
9416403.652,2023-07-27 04:45:00
9416413.67,2023-07-27 05:00:00
9416423.612,2023-07-27 05:15:00
9416433.401,2023-07-27 05:30:00
9416443.175,2023-07-27 05:45:00
9416453.852,2023-07-27 06:00:00
9416463.687,2023-07-27 06:15:00
9416473.173,2023-07-27 06:30:00
9416482.233,2023-07-27 06:45:00
9416491.226,2023-07-27 07:00:00
9416500.325,2023-07-27 07:15:00
9416509.598,2023-07-27 07:30:00
9416518.796,2023-07-27 07:45:00
9416528.159,2023-07-27 08:00:00
9416537.811,2023-07-27 08:15:00
9416547.5,2023-07-27 08:30:00
9416557.225,2023-07-27 08:45:00
9416566.671,2023-07-27 09:00:00
9416576.027,2023-07-27 09:15:00
9416585.378,2023-07-27 09:30:00
9416595.095,2023-07-27 09:45:00
9416605.107,2023-07-27 10:00:00
9416615.307,2023-07-27 10:15:00
9416625.196,2023-07-27 10:30:00
9416634.94,2023-07-27 10:45:00
9416644.562,2023-07-27 11:00:00
9416654.249,2023-07-27 11:15:00
9416664.255,2023-07-27 11:30:00
9416674.286,2023-07-27 11:45:00
9416684.228,2023-07-27 12:00:00
9416694.194,2023-07-27 12:15:00
9416704.45,2023-07-27 12:30:00
9416714.795,2023-07-27 12:45:00
9416725.581,2023-07-27 13:00:00
9416736.29,2023-07-27 13:15:00
9416746.638,2023-07-27 13:30:00
9416756.798,2023-07-27 13:45:00
9416767.232,2023-07-27 14:00:00
9416777.559,2023-07-27 14:15:00
9416787.587,2023-07-27 14:30:00
9416797.539,2023-07-27 14:45:00
9416807.516,2023-07-27 15:00:00
9416817.413,2023-07-27 15:15:00
9416827.615,2023-07-27 15:30:00
9416837.771,2023-07-27 15:45:00
9416848.146,2023-07-27 16:00:00
9416858.758,2023-07-27 16:15:00
9416870.283,2023-07-27 16:30:00
9416881.177,2023-07-27 16:45:00
9416891.976,2023-07-27 17:00:00
9416902.993,2023-07-27 17:15:00
9416914.23,2023-07-27 17:30:00
9416925.195,2023-07-27 17:45:00
9416935.994,2023-07-27 18:00:00
9416947.244,2023-07-27 18:15:00
9416958.399,2023-07-27 18:30:00
9416969.279,2023-07-27 18:45:00
9416980.463,2023-07-27 19:00:00
9416991.756,2023-07-27 19:15:00
9417002.969,2023-07-27 19:30:00
9417014.468,2023-07-27 19:45:00
9417026.262,2023-07-27 20:00:00
9417039.232,2023-07-27 20:15:00
9417051.77,2023-07-27 20:30:00
9417065.053,2023-07-27 20:45:00
9417078.354,2023-07-27 21:00:00
9417091.945,2023-07-27 21:15:00
9417106.144,2023-07-27 21:30:00
9417120.037,2023-07-27 21:45:00
9417134.693,2023-07-27 22:00:00
9417149.408,2023-07-27 22:15:00
9417163.797,2023-07-27 22:30:00
9417178.655,2023-07-27 22:45:00
9417193.184,2023-07-27 23:00:00
9417207.226,2023-07-27 23:15:00
9417221.242,2023-07-27 23:30:00
9417235.13,2023-07-27 23:45:00
9417248.836,2023-07-28 00:00:00
9417262.19,2023-07-28 00:15:00
9417276.402,2023-07-28 00:30:00
9417289.37,2023-07-28 00:45:00
9417302.199,2023-07-28 01:00:00
9417314.905,2023-07-28 01:15:00
9417327.147,2023-07-28 01:30:00
9417339.054,2023-07-28 01:45:00
9417350.699,2023-07-28 02:00:00
9417362.01,2023-07-28 02:15:00
9417373.074,2023-07-28 02:30:00
9417384.013,2023-07-28 02:45:00
9417394.823,2023-07-28 03:00:00
9417405.711,2023-07-28 03:15:00
9417416.379,2023-07-28 03:30:00
9417427.747,2023-07-28 03:45:00
9417438.168,2023-07-28 04:00:00
9417448.609,2023-07-28 04:15:00
9417459.031,2023-07-28 04:30:00
9417469.499,2023-07-28 04:45:00
9417479.729,2023-07-28 05:00:00
9417489.843,2023-07-28 05:15:00
9417500.049,2023-07-28 05:30:00
9417509.905,2023-07-28 05:45:00
9417519.228,2023-07-28 06:00:00
9417528.535,2023-07-28 06:15:00
9417538.833,2023-07-28 06:30:00
9417548.184,2023-07-28 06:45:00
9417557.44,2023-07-28 07:00:00
9417566.867,2023-07-28 07:15:00
9417576.182,2023-07-28 07:30:00
9417585.689,2023-07-28 07:45:00
9417595.189,2023-07-28 08:00:00
9417604.269,2023-07-28 08:15:00
9417613.948,2023-07-28 08:30:00
9417623.352,2023-07-28 08:45:00
9417633.001,2023-07-28 09:00:00
9417642.672,2023-07-28 09:15:00
9417652.295,2023-07-28 09:30:00
9417662.324,2023-07-28 09:45:00
9417672.05,2023-07-28 10:00:00
9417681.915,2023-07-28 10:15:00
9417691.798,2023-07-28 10:30:00
9417701.749,2023-07-28 10:45:00
9417711.494,2023-07-28 11:00:00
9417721.39,2023-07-28 11:15:00
9417731.329,2023-07-28 11:30:00
9417741.143,2023-07-28 11:45:00
9417751.014,2023-07-28 12:00:00
9417760.902,2023-07-28 12:15:00
9417770.992,2023-07-28 12:30:00
9417782.057,2023-07-28 12:45:00
9417792.348,2023-07-28 13:00:00
9417802.873,2023-07-28 13:15:00
9417813.081,2023-07-28 13:30:00
9417823.575,2023-07-28 13:45:00
9417833.975,2023-07-28 14:00:00
9417844.456,2023-07-28 14:15:00
9417854.895,2023-07-28 14:30:00
9417865.804,2023-07-28 14:45:00
9417876.444,2023-07-28 15:00:00
9417886.843,2023-07-28 15:15:00
9417897.905,2023-07-28 15:30:00
9417908.76,2023-07-28 15:45:00
9417919.568,2023-07-28 16:00:00
9417930.782,2023-07-28 16:15:00
9417941.771,2023-07-28 16:30:00
9417952.858,2023-07-28 16:45:00
9417963.837,2023-07-28 17:00:00
9417974.844,2023-07-28 17:15:00
9417985.721,2023-07-28 17:30:00
9417997.522,2023-07-28 17:45:00
9418008.626,2023-07-28 18:00:00
9418019.596,2023-07-28 18:15:00
9418030.384,2023-07-28 18:30:00
9418041.529,2023-07-28 18:45:00
9418052.8,2023-07-28 19:00:00
9418064.018,2023-07-28 19:15:00
9418075.736,2023-07-28 19:30:00
9418087.786,2023-07-28 19:45:00
9418100.295,2023-07-28 20:00:00
9418112.535,2023-07-28 20:15:00
9418124.986,2023-07-28 20:30:00
9418137.777,2023-07-28 20:45:00
9418150.387,2023-07-28 21:00:00
9418163.528,2023-07-28 21:15:00
9418176.609,2023-07-28 21:30:00
9418191.006,2023-07-28 21:45:00
9418204.267,2023-07-28 22:00:00
9418217.766,2023-07-28 22:15:00
9418231.184,2023-07-28 22:30:00
9418244.224,2023-07-28 22:45:00
9418257.532,2023-07-28 23:00:00
9418270.993,2023-07-28 23:15:00
9418284.203,2023-07-28 23:30:00
9418297.427,2023-07-28 23:45:00
9418310.712,2023-07-29 00:00:00
9418324.323,2023-07-29 00:15:00
9418337.401,2023-07-29 00:30:00
9418350.281,2023-07-29 00:45:00
9418363.714,2023-07-29 01:00:00
9418376.742,2023-07-29 01:15:00
9418389.062,2023-07-29 01:30:00
9418401.354,2023-07-29 01:45:00
9418413.28,2023-07-29 02:00:00
9418425.138,2023-07-29 02:15:00
9418436.85,2023-07-29 02:30:00
9418448.423,2023-07-29 02:45:00
9418459.78,2023-07-29 03:00:00
9418471.105,2023-07-29 03:15:00
9418481.976,2023-07-29 03:30:00
9418492.818,2023-07-29 03:45:00
9418503.43,2023-07-29 04:00:00
9418514.572,2023-07-29 04:15:00
9418524.651,2023-07-29 04:30:00
9418534.598,2023-07-29 04:45:00
9418544.465,2023-07-29 05:00:00
9418554.179,2023-07-29 05:15:00
9418563.904,2023-07-29 05:30:00
9418573.519,2023-07-29 05:45:00
9418582.517,2023-07-29 06:00:00
9418591.441,2023-07-29 06:15:00
9418600.513,2023-07-29 06:30:00
9418609.397,2023-07-29 06:45:00
9418618.299,2023-07-29 07:00:00
9418628.469,2023-07-29 07:15:00
9418637.574,2023-07-29 07:30:00
9418646.779,2023-07-29 07:45:00
9418655.663,2023-07-29 08:00:00
9418664.568,2023-07-29 08:15:00
9418673.472,2023-07-29 08:30:00
9418682.533,2023-07-29 08:45:00
9418691.599,2023-07-29 09:00:00
9418700.772,2023-07-29 09:15:00
9418710.068,2023-07-29 09:30:00
9418719.439,2023-07-29 09:45:00
9418729.577,2023-07-29 10:00:00
9418738.819,2023-07-29 10:15:00
9418748.196,2023-07-29 10:30:00
9418757.594,2023-07-29 10:45:00
9418767.137,2023-07-29 11:00:00
9418776.797,2023-07-29 11:15:00
9418786.653,2023-07-29 11:30:00
9418796.392,2023-07-29 11:45:00
9418806.618,2023-07-29 12:00:00
9418816.654,2023-07-29 12:15:00
9418826.762,2023-07-29 12:30:00
9418838.052,2023-07-29 12:45:00
9418848.373,2023-07-29 13:00:00
9418858.905,2023-07-29 13:15:00
9418869.532,2023-07-29 13:30:00
9418880.646,2023-07-29 13:45:00
9418891.902,2023-07-29 14:00:00
9418903.333,2023-07-29 14:15:00
9418914.343,2023-07-29 14:30:00
9418925.14,2023-07-29 14:45:00
9418935.85,2023-07-29 15:00:00
9418946.885,2023-07-29 15:15:00
9418957.612,2023-07-29 15:30:00
9418968.475,2023-07-29 15:45:00
9418979.678,2023-07-29 16:00:00
9418990.635,2023-07-29 16:15:00
9419001.566,2023-07-29 16:30:00
9419013.748,2023-07-29 16:45:00
9419024.824,2023-07-29 17:00:00
9419035.962,2023-07-29 17:15:00
9419046.998,2023-07-29 17:30:00
9419057.87,2023-07-29 17:45:00
9419069.288,2023-07-29 18:00:00
9419080.616,2023-07-29 18:15:00
9419091.805,2023-07-29 18:30:00
9419103.383,2023-07-29 18:45:00
9419114.957,2023-07-29 19:00:00
9419126.679,2023-07-29 19:15:00
9419138.45,2023-07-29 19:30:00
9419150.059,2023-07-29 19:45:00
9419162.672,2023-07-29 20:00:00
9419175.204,2023-07-29 20:15:00
9419187.562,2023-07-29 20:30:00
9419200.478,2023-07-29 20:45:00
9419213.608,2023-07-29 21:00:00
9419227.524,2023-07-29 21:15:00
9419240.87,2023-07-29 21:30:00
9419254.242,2023-07-29 21:45:00
9419268.035,2023-07-29 22:00:00
9419281.499,2023-07-29 22:15:00
9419294.636,2023-07-29 22:30:00
9419307.712,2023-07-29 22:45:00
9419321.278,2023-07-29 23:00:00
9419334.359,2023-07-29 23:15:00
9419347.355,2023-07-29 23:30:00
9419360.329,2023-07-29 23:45:00
9419374.361,2023-07-30 00:00:00
9419387.122,2023-07-30 00:15:00
9419400.169,2023-07-30 00:30:00
9419412.784,2023-07-30 00:45:00
9419425.137,2023-07-30 01:00:00
9419437.279,2023-07-30 01:15:00
9419449.349,2023-07-30 01:30:00
9419461.603,2023-07-30 01:45:00
9419473.182,2023-07-30 02:00:00
9419484.507,2023-07-30 02:15:00
9419495.808,2023-07-30 02:30:00
9419507.015,2023-07-30 02:45:00
9419517.861,2023-07-30 03:00:00
9419529.497,2023-07-30 03:15:00
9419540.196,2023-07-30 03:30:00
9419550.886,2023-07-30 03:45:00
9419561.316,2023-07-30 04:00:00
9419571.783,2023-07-30 04:15:00
9419582.182,2023-07-30 04:30:00
9419592.348,2023-07-30 04:45:00
9419602.408,2023-07-30 05:00:00
9419612.529,2023-07-30 05:15:00
9419622.485,2023-07-30 05:30:00
9419632.12,2023-07-30 05:45:00
9419642.242,2023-07-30 06:00:00
9419651.315,2023-07-30 06:15:00
9419660.339,2023-07-30 06:30:00
9419669.415,2023-07-30 06:45:00
9419678.54,2023-07-30 07:00:00
9419687.677,2023-07-30 07:15:00
9419697.078,2023-07-30 07:30:00
9419706.143,2023-07-30 07:45:00
9419715.072,2023-07-30 08:00:00
9419724.036,2023-07-30 08:15:00
9419733.81,2023-07-30 08:30:00
9419743.242,2023-07-30 08:45:00
9419752.531,2023-07-30 09:00:00
9419761.887,2023-07-30 09:15:00
9419771.106,2023-07-30 09:30:00
9419780.313,2023-07-30 09:45:00
9419789.664,2023-07-30 10:00:00
9419798.932,2023-07-30 10:15:00
9419808.133,2023-07-30 10:30:00
9419817.357,2023-07-30 10:45:00
9419826.579,2023-07-30 11:00:00
9419835.973,2023-07-30 11:15:00
9419846.304,2023-07-30 11:30:00
9419856.108,2023-07-30 11:45:00
9419865.858,2023-07-30 12:00:00
9419875.45,2023-07-30 12:15:00
9419885.438,2023-07-30 12:30:00
9419895.417,2023-07-30 12:45:00
9419905.274,2023-07-30 13:00:00
9419915.533,2023-07-30 13:15:00
9419925.634,2023-07-30 13:30:00
9419936.88,2023-07-30 13:45:00
9419947.282,2023-07-30 14:00:00
9419958.189,2023-07-30 14:15:00
9419969.079,2023-07-30 14:30:00
9419980.177,2023-07-30 14:45:00
9419991.411,2023-07-30 15:00:00
9420002.752,2023-07-30 15:15:00
9420014.22,2023-07-30 15:30:00
9420025.386,2023-07-30 15:45:00
9420036.642,2023-07-30 16:00:00
9420047.641,2023-07-30 16:15:00
9420058.766,2023-07-30 16:30:00
9420069.809,2023-07-30 16:45:00
9420080.573,2023-07-30 17:00:00
9420091.674,2023-07-30 17:15:00
9420103.037,2023-07-30 17:30:00
9420114.79,2023-07-30 17:45:00
9420125.809,2023-07-30 18:00:00
9420137.207,2023-07-30 18:15:00
9420148.593,2023-07-30 18:30:00
9420160.142,2023-07-30 18:45:00
9420171.929,2023-07-30 19:00:00
9420183.572,2023-07-30 19:15:00
9420195.169,2023-07-30 19:30:00
9420207.175,2023-07-30 19:45:00
9420219.121,2023-07-30 20:00:00
9420231.25,2023-07-30 20:15:00
9420244.779,2023-07-30 20:30:00
9420258.817,2023-07-30 20:45:00
9420272.513,2023-07-30 21:00:00
9420286.381,2023-07-30 21:15:00
9420300.229,2023-07-30 21:30:00
9420314.263,2023-07-30 21:45:00
9420328.191,2023-07-30 22:00:00
9420341.919,2023-07-30 22:15:00
9420355.874,2023-07-30 22:30:00
9420369.659,2023-07-30 22:45:00
9420382.974,2023-07-30 23:00:00
9420396.437,2023-07-30 23:15:00
9420409.473,2023-07-30 23:30:00
9420422.581,2023-07-30 23:45:00
9420435.985,2023-07-31 00:00:00
9420448.721,2023-07-31 00:15:00
9420461.071,2023-07-31 00:30:00
9420473.772,2023-07-31 00:45:00
9420486.935,2023-07-31 01:00:00
9420498.993,2023-07-31 01:15:00
9420510.253,2023-07-31 01:30:00
9420521.533,2023-07-31 01:45:00
9420532.36,2023-07-31 02:00:00
9420542.991,2023-07-31 02:15:00
9420553.515,2023-07-31 02:30:00
9420563.899,2023-07-31 02:45:00
9420574.205,2023-07-31 03:00:00
9420584.292,2023-07-31 03:15:00
9420594.189,2023-07-31 03:30:00
9420604.822,2023-07-31 03:45:00
9420614.543,2023-07-31 04:00:00
9420624.342,2023-07-31 04:15:00
9420634.004,2023-07-31 04:30:00
9420643.64,2023-07-31 04:45:00
9420653.309,2023-07-31 05:00:00
9420662.953,2023-07-31 05:15:00
9420672.609,2023-07-31 05:30:00
9420682.164,2023-07-31 05:45:00
9420691.113,2023-07-31 06:00:00
9420700.074,2023-07-31 06:15:00
9420709.944,2023-07-31 06:30:00
9420718.993,2023-07-31 06:45:00
9420727.935,2023-07-31 07:00:00
9420736.784,2023-07-31 07:15:00
9420745.872,2023-07-31 07:30:00
9420754.952,2023-07-31 07:45:00
9420763.957,2023-07-31 08:00:00
9420773.112,2023-07-31 08:15:00
9420782.123,2023-07-31 08:30:00
9420791.243,2023-07-31 08:45:00
9420801.168,2023-07-31 09:00:00
9420810.314,2023-07-31 09:15:00
9420819.425,2023-07-31 09:30:00
9420828.704,2023-07-31 09:45:00
9420838.473,2023-07-31 10:00:00
9420847.98,2023-07-31 10:15:00
9420858.119,2023-07-31 10:30:00
9420868.574,2023-07-31 10:45:00
9420878.371,2023-07-31 11:00:00
9420888.077,2023-07-31 11:15:00
9420897.979,2023-07-31 11:30:00
9420907.754,2023-07-31 11:45:00
9420918.57,2023-07-31 12:00:00
9420928.664,2023-07-31 12:15:00
9420938.547,2023-07-31 12:30:00
9420948.325,2023-07-31 12:45:00
9420958.682,2023-07-31 13:00:00
9420969.386,2023-07-31 13:15:00
9420979.485,2023-07-31 13:30:00
9420989.536,2023-07-31 13:45:00
9420999.55,2023-07-31 14:00:00
9421009.361,2023-07-31 14:15:00
9421019.38,2023-07-31 14:30:00
9421029.373,2023-07-31 14:45:00
9421039.672,2023-07-31 15:00:00
9421050.891,2023-07-31 15:15:00
9421061.256,2023-07-31 15:30:00
9421072.179,2023-07-31 15:45:00
9421082.684,2023-07-31 16:00:00
9421093.211,2023-07-31 16:15:00
9421103.838,2023-07-31 16:30:00
9421114.721,2023-07-31 16:45:00
9421125.563,2023-07-31 17:00:00
9421136.383,2023-07-31 17:15:00
9421147.354,2023-07-31 17:30:00
9421158.2,2023-07-31 17:45:00
9421170.14,2023-07-31 18:00:00
9421181.328,2023-07-31 18:15:00
9421192.32,2023-07-31 18:30:00
9421203.565,2023-07-31 18:45:00
9421214.994,2023-07-31 19:00:00
9421226.541,2023-07-31 19:15:00
9421238.362,2023-07-31 19:30:00
9421250.559,2023-07-31 19:45:00
9421262.813,2023-07-31 20:00:00
9421275.309,2023-07-31 20:15:00
9421289.143,2023-07-31 20:30:00
9421302.835,2023-07-31 20:45:00
9421316.832,2023-07-31 21:00:00
9421331.129,2023-07-31 21:15:00
9421345.363,2023-07-31 21:30:00
9421359.407,2023-07-31 21:45:00
9421373.502,2023-07-31 22:00:00
9421387.494,2023-07-31 22:15:00
9421401.36,2023-07-31 22:30:00
9421415.373,2023-07-31 22:45:00
9421429.83,2023-07-31 23:00:00
9421443.257,2023-07-31 23:15:00
9421456.688,2023-07-31 23:30:00
9421469.991,2023-07-31 23:45:00
9421482.724,2023-08-01 00:00:00
9421495.656,2023-08-01 00:15:00
9421508.262,2023-08-01 00:30:00
9421520.339,2023-08-01 00:45:00
9421532.399,2023-08-01 01:00:00
9421544.164,2023-08-01 01:15:00
9421555.574,2023-08-01 01:30:00
9421567.556,2023-08-01 01:45:00
9421578.946,2023-08-01 02:00:00
9421589.613,2023-08-01 02:15:00
9421600.339,2023-08-01 02:30:00
9421610.596,2023-08-01 02:45:00
9421620.548,2023-08-01 03:00:00
9421630.601,2023-08-01 03:15:00
9421640.425,2023-08-01 03:30:00
9421650.262,2023-08-01 03:45:00
9421659.947,2023-08-01 04:00:00
9421670.421,2023-08-01 04:15:00
9421680.186,2023-08-01 04:30:00
9421689.738,2023-08-01 04:45:00
9421699.213,2023-08-01 05:00:00
9421708.675,2023-08-01 05:15:00
9421718.222,2023-08-01 05:30:00
9421727.543,2023-08-01 05:45:00
9421736.256,2023-08-01 06:00:00
9421744.974,2023-08-01 06:15:00
9421753.72,2023-08-01 06:30:00
9421763.213,2023-08-01 06:45:00
9421772.334,2023-08-01 07:00:00
9421781.04,2023-08-01 07:15:00
9421789.734,2023-08-01 07:30:00
9421798.399,2023-08-01 07:45:00
9421807.105,2023-08-01 08:00:00
9421816.14,2023-08-01 08:15:00
9421825.032,2023-08-01 08:30:00
9421834.065,2023-08-01 08:45:00
9421843.305,2023-08-01 09:00:00
9421852.745,2023-08-01 09:15:00
9421861.866,2023-08-01 09:30:00
9421871.461,2023-08-01 09:45:00
9421881.154,2023-08-01 10:00:00
9421890.419,2023-08-01 10:15:00
9421900.005,2023-08-01 10:30:00
9421909.73,2023-08-01 10:45:00
9421920.351,2023-08-01 11:00:00
9421930.62,2023-08-01 11:15:00
9421940.531,2023-08-01 11:30:00
9421950.261,2023-08-01 11:45:00
9421960.258,2023-08-01 12:00:00
9421970.182,2023-08-01 12:15:00
9421980.283,2023-08-01 12:30:00
9421990.356,2023-08-01 12:45:00
9422000.498,2023-08-01 13:00:00
9422010.711,2023-08-01 13:15:00
9422021.053,2023-08-01 13:30:00
9422031.055,2023-08-01 13:45:00
9422041.181,2023-08-01 14:00:00
9422051.401,2023-08-01 14:15:00
9422061.749,2023-08-01 14:30:00
9422072.779,2023-08-01 14:45:00
9422083.165,2023-08-01 15:00:00
9422093.602,2023-08-01 15:15:00
9422104.297,2023-08-01 15:30:00
9422115.028,2023-08-01 15:45:00
9422126.117,2023-08-01 16:00:00
9422137.198,2023-08-01 16:15:00
9422148.501,2023-08-01 16:30:00
9422159.888,2023-08-01 16:45:00
9422171.514,2023-08-01 17:00:00
9422182.695,2023-08-01 17:15:00
9422194.586,2023-08-01 17:30:00
9422206.229,2023-08-01 17:45:00
9422217.454,2023-08-01 18:00:00
9422228.455,2023-08-01 18:15:00
9422239.883,2023-08-01 18:30:00
9422251.301,2023-08-01 18:45:00
9422262.798,2023-08-01 19:00:00
9422274.574,2023-08-01 19:15:00
9422286.593,2023-08-01 19:30:00
9422298.718,2023-08-01 19:45:00
9422311.497,2023-08-01 20:00:00
9422324.75,2023-08-01 20:15:00
9422337.533,2023-08-01 20:30:00
9422350.884,2023-08-01 20:45:00
9422364.474,2023-08-01 21:00:00
9422377.921,2023-08-01 21:15:00
9422391.481,2023-08-01 21:30:00
9422404.996,2023-08-01 21:45:00
9422418.628,2023-08-01 22:00:00
9422432.227,2023-08-01 22:15:00
9422447.317,2023-08-01 22:30:00
9422461.098,2023-08-01 22:45:00
9422475.011,2023-08-01 23:00:00
9422488.808,2023-08-01 23:15:00
9422502.527,2023-08-01 23:30:00
9422515.878,2023-08-01 23:45:00
9422529.234,2023-08-02 00:00:00
9422542.597,2023-08-02 00:15:00
9422555.834,2023-08-02 00:30:00
9422569.838,2023-08-02 00:45:00
9422582.192,2023-08-02 01:00:00
9422594.221,2023-08-02 01:15:00
9422606.088,2023-08-02 01:30:00
9422617.488,2023-08-02 01:45:00
9422628.643,2023-08-02 02:00:00
9422639.817,2023-08-02 02:15:00
9422650.487,2023-08-02 02:30:00
9422660.902,2023-08-02 02:45:00
9422671.317,2023-08-02 03:00:00
9422682.508,2023-08-02 03:15:00
9422692.742,2023-08-02 03:30:00
9422702.894,2023-08-02 03:45:00
9422712.899,2023-08-02 04:00:00
9422722.883,2023-08-02 04:15:00
9422732.863,2023-08-02 04:30:00
9422742.718,2023-08-02 04:45:00
9422752.401,2023-08-02 05:00:00
9422762.039,2023-08-02 05:15:00
9422771.579,2023-08-02 05:30:00
9422781.479,2023-08-02 05:45:00
9422790.478,2023-08-02 06:00:00
9422799.284,2023-08-02 06:15:00
9422808.182,2023-08-02 06:30:00
9422816.864,2023-08-02 06:45:00
9422825.725,2023-08-02 07:00:00
9422834.917,2023-08-02 07:15:00
9422843.604,2023-08-02 07:30:00
9422852.631,2023-08-02 07:45:00
9422861.308,2023-08-02 08:00:00
9422869.931,2023-08-02 08:15:00
9422879.81,2023-08-02 08:30:00
9422888.632,2023-08-02 08:45:00
9422897.732,2023-08-02 09:00:00
9422906.834,2023-08-02 09:15:00
9422915.945,2023-08-02 09:30:00
9422924.796,2023-08-02 09:45:00
9422934.015,2023-08-02 10:00:00
9422943.564,2023-08-02 10:15:00
9422952.788,2023-08-02 10:30:00
9422962.203,2023-08-02 10:45:00
9422971.945,2023-08-02 11:00:00
9422981.45,2023-08-02 11:15:00
9422990.885,2023-08-02 11:30:00
9423001.436,2023-08-02 11:45:00
9423011.224,2023-08-02 12:00:00
9423020.954,2023-08-02 12:15:00
9423031.091,2023-08-02 12:30:00
9423041.355,2023-08-02 12:45:00
9423051.901,2023-08-02 13:00:00
9423062.248,2023-08-02 13:15:00
9423072.862,2023-08-02 13:30:00
9423083.641,2023-08-02 13:45:00
9423093.994,2023-08-02 14:00:00
9423104.632,2023-08-02 14:15:00
9423115.696,2023-08-02 14:30:00
9423126.401,2023-08-02 14:45:00
9423137.196,2023-08-02 15:00:00
9423148.144,2023-08-02 15:15:00
9423159.268,2023-08-02 15:30:00
9423170.117,2023-08-02 15:45:00
9423181.343,2023-08-02 16:00:00
9423193.367,2023-08-02 16:15:00
9423204.671,2023-08-02 16:30:00
9423215.832,2023-08-02 16:45:00
9423227.232,2023-08-02 17:00:00
9423239.056,2023-08-02 17:15:00
9423250.746,2023-08-02 17:30:00
9423262.48,2023-08-02 17:45:00
9423274.098,2023-08-02 18:00:00
9423285.742,2023-08-02 18:15:00
9423298.467,2023-08-02 18:30:00
9423309.781,2023-08-02 18:45:00
9423321.307,2023-08-02 19:00:00
9423333.141,2023-08-02 19:15:00
9423345.128,2023-08-02 19:30:00
9423357.034,2023-08-02 19:45:00
9423369.122,2023-08-02 20:00:00
9423381.274,2023-08-02 20:15:00
9423394.114,2023-08-02 20:30:00
9423407.897,2023-08-02 20:45:00
9423421.762,2023-08-02 21:00:00
9423435.718,2023-08-02 21:15:00
9423449.205,2023-08-02 21:30:00
9423463.019,2023-08-02 21:45:00
9423477.248,2023-08-02 22:00:00
9423491.427,2023-08-02 22:15:00
9423505.43,2023-08-02 22:30:00
9423519.681,2023-08-02 22:45:00
9423533.98,2023-08-02 23:00:00
9423548.392,2023-08-02 23:15:00
9423563.384,2023-08-02 23:30:00
9423577.059,2023-08-02 23:45:00
9423590.569,2023-08-03 00:00:00
9423604.127,2023-08-03 00:15:00
9423617.122,2023-08-03 00:30:00
9423629.918,2023-08-03 00:45:00
9423642.728,2023-08-03 01:00:00
9423654.993,2023-08-03 01:15:00
9423666.965,2023-08-03 01:30:00
9423678.888,2023-08-03 01:45:00
9423690.363,2023-08-03 02:00:00
9423701.426,2023-08-03 02:15:00
9423713.317,2023-08-03 02:30:00
9423724.211,2023-08-03 02:45:00
9423734.895,2023-08-03 03:00:00
9423745.519,2023-08-03 03:15:00
9423755.974,2023-08-03 03:30:00
9423766.286,2023-08-03 03:45:00
9423776.56,2023-08-03 04:00:00
9423786.873,2023-08-03 04:15:00
9423796.939,2023-08-03 04:30:00
9423806.999,2023-08-03 04:45:00
9423817.933,2023-08-03 05:00:00
9423827.823,2023-08-03 05:15:00
9423837.663,2023-08-03 05:30:00
9423847.401,2023-08-03 05:45:00
9423856.502,2023-08-03 06:00:00
9423865.642,2023-08-03 06:15:00
9423874.903,2023-08-03 06:30:00
9423884.18,2023-08-03 06:45:00
9423893.033,2023-08-03 07:00:00
9423902.235,2023-08-03 07:15:00
9423912.55,2023-08-03 07:30:00
9423921.745,2023-08-03 07:45:00
9423931.28,2023-08-03 08:00:00
9423940.778,2023-08-03 08:15:00
9423949.641,2023-08-03 08:30:00
9423958.721,2023-08-03 08:45:00
9423967.699,2023-08-03 09:00:00
9423976.685,2023-08-03 09:15:00
9423985.787,2023-08-03 09:30:00
9423994.913,2023-08-03 09:45:00
9424003.925,2023-08-03 10:00:00
9424013.218,2023-08-03 10:15:00
9424023.387,2023-08-03 10:30:00
9424032.54,2023-08-03 10:45:00
9424041.973,2023-08-03 11:00:00
9424051.475,2023-08-03 11:15:00
9424060.837,2023-08-03 11:30:00
9424070.199,2023-08-03 11:45:00
9424079.688,2023-08-03 12:00:00
9424089.282,2023-08-03 12:15:00
9424098.874,2023-08-03 12:30:00
9424108.634,2023-08-03 12:45:00
9424118.526,2023-08-03 13:00:00
9424129.28,2023-08-03 13:15:00
9424139.056,2023-08-03 13:30:00
9424148.932,2023-08-03 13:45:00
9424159.042,2023-08-03 14:00:00
9424168.981,2023-08-03 14:15:00
9424178.752,2023-08-03 14:30:00
9424188.697,2023-08-03 14:45:00
9424198.721,2023-08-03 15:00:00
9424208.834,2023-08-03 15:15:00
9424219.246,2023-08-03 15:30:00
9424229.665,2023-08-03 15:45:00
9424241.244,2023-08-03 16:00:00
9424252.434,2023-08-03 16:15:00
9424263.581,2023-08-03 16:30:00
9424274.466,2023-08-03 16:45:00
9424285.425,2023-08-03 17:00:00
9424296.447,2023-08-03 17:15:00
9424307.739,2023-08-03 17:30:00
9424319.393,2023-08-03 17:45:00
9424330.932,2023-08-03 18:00:00
9424342.373,2023-08-03 18:15:00
9424353.765,2023-08-03 18:30:00
9424365.91,2023-08-03 18:45:00
9424376.995,2023-08-03 19:00:00
9424388.338,2023-08-03 19:15:00
9424400.082,2023-08-03 19:30:00
9424412.551,2023-08-03 19:45:00
9424425.436,2023-08-03 20:00:00
9424438.951,2023-08-03 20:15:00
9424452.436,2023-08-03 20:30:00
9424466.208,2023-08-03 20:45:00
9424480.261,2023-08-03 21:00:00
9424494.564,2023-08-03 21:15:00
9424509.961,2023-08-03 21:30:00
9424524.221,2023-08-03 21:45:00
9424538.573,2023-08-03 22:00:00
9424552.765,2023-08-03 22:15:00
9424567.325,2023-08-03 22:30:00
9424581.658,2023-08-03 22:45:00
9424595.917,2023-08-03 23:00:00
9424610.309,2023-08-03 23:15:00
9424624.361,2023-08-03 23:30:00
9424638.065,2023-08-03 23:45:00
9424652.908,2023-08-04 00:00:00
9424666.675,2023-08-04 00:15:00
9424679.752,2023-08-04 00:30:00
9424692.779,2023-08-04 00:45:00
9424705.68,2023-08-04 01:00:00
9424718.095,2023-08-04 01:15:00
9424730.223,2023-08-04 01:30:00
9424742.29,2023-08-04 01:45:00
9424753.447,2023-08-04 02:00:00
9424764.477,2023-08-04 02:15:00
9424775.409,2023-08-04 02:30:00
9424787.03,2023-08-04 02:45:00
9424797.714,2023-08-04 03:00:00
9424808.189,2023-08-04 03:15:00
9424818.713,2023-08-04 03:30:00
9424829.117,2023-08-04 03:45:00
9424839.327,2023-08-04 04:00:00
9424849.462,2023-08-04 04:15:00
9424859.521,2023-08-04 04:30:00
9424869.54,2023-08-04 04:45:00
9424879.45,2023-08-04 05:00:00
9424890.092,2023-08-04 05:15:00
9424899.899,2023-08-04 05:30:00
9424909.714,2023-08-04 05:45:00
9424919.584,2023-08-04 06:00:00
9424928.755,2023-08-04 06:15:00
9424937.744,2023-08-04 06:30:00
9424946.977,2023-08-04 06:45:00
9424956.008,2023-08-04 07:00:00
9424964.856,2023-08-04 07:15:00
9424973.752,2023-08-04 07:30:00
9424983.534,2023-08-04 07:45:00
9424992.415,2023-08-04 08:00:00
9425001.244,2023-08-04 08:15:00
9425010.194,2023-08-04 08:30:00
9425019.18,2023-08-04 08:45:00
9425028.152,2023-08-04 09:00:00
9425037.429,2023-08-04 09:15:00
9425046.852,2023-08-04 09:30:00
9425056.592,2023-08-04 09:45:00
9425066.184,2023-08-04 10:00:00
9425076.321,2023-08-04 10:15:00
9425086.093,2023-08-04 10:30:00
9425095.597,2023-08-04 10:45:00
9425105.265,2023-08-04 11:00:00
9425114.679,2023-08-04 11:15:00
9425124.274,2023-08-04 11:30:00
9425133.963,2023-08-04 11:45:00
9425143.691,2023-08-04 12:00:00
9425153.487,2023-08-04 12:15:00
9425163.457,2023-08-04 12:30:00
9425173.199,2023-08-04 12:45:00
9425184.1,2023-08-04 13:00:00
9425194.301,2023-08-04 13:15:00
9425204.597,2023-08-04 13:30:00
9425214.853,2023-08-04 13:45:00
9425224.871,2023-08-04 14:00:00
9425234.556,2023-08-04 14:15:00
9425244.355,2023-08-04 14:30:00
