"Timestamp","Biotech.Biotech_480_Main_Ulty_1_Left#Real Energy Total#kWh"
2023-07-09 00:15:00,55983284.207
2023-07-09 00:30:00,55983375.04
2023-07-09 00:45:00,55983465.936
2023-07-09 01:00:00,55983556.408
2023-07-09 01:15:00,55983647.488
2023-07-09 01:30:00,55983737.805
2023-07-09 01:45:00,55983828.198
2023-07-09 02:00:00,55983918.836
2023-07-09 02:15:00,55984009.594
2023-07-09 02:30:00,55984100.162
2023-07-09 02:45:00,55984190.75
2023-07-09 03:00:00,55984281.156
2023-07-09 03:15:00,55984373.254
2023-07-09 03:30:00,55984462.829
2023-07-09 03:45:00,55984553.761
2023-07-09 04:00:00,55984642.651
2023-07-09 04:15:00,55984731.786
2023-07-09 04:30:00,55984821.09
2023-07-09 04:45:00,55984911.069
2023-07-09 05:00:00,55984999.953
2023-07-09 05:15:00,55985091.822
2023-07-09 05:30:00,55985187.25
2023-07-09 05:45:00,55985281.007
2023-07-09 06:00:00,55985374.647
2023-07-09 06:15:00,55985467.49
2023-07-09 06:30:00,55985561.415
2023-07-09 06:45:00,55985655.776
2023-07-09 07:00:00,55985750.075
2023-07-09 07:15:00,55985846.083
2023-07-09 07:30:00,55985941.28
2023-07-09 07:45:00,55986035.327
2023-07-09 08:00:00,55986131.571
2023-07-09 08:15:00,55986227.536
2023-07-09 08:30:00,55986325.33
2023-07-09 08:45:00,55986421.029
2023-07-09 09:00:00,55986516.65
2023-07-09 09:15:00,55986612.939
2023-07-09 09:30:00,55986711.675
2023-07-09 09:45:00,55986809.339
2023-07-09 10:00:00,55986906.083
2023-07-09 10:15:00,55987003.829
2023-07-09 10:30:00,55987101.291
2023-07-09 10:45:00,55987201.001
2023-07-09 11:00:00,55987298.995
2023-07-09 11:15:00,55987396.713
2023-07-09 11:30:00,55987495.597
2023-07-09 11:45:00,55987593.353
2023-07-09 12:00:00,55987691.271
2023-07-09 12:15:00,55987789.302
2023-07-09 12:30:00,55987886.902
2023-07-09 12:45:00,55987986.611
2023-07-09 13:00:00,55988086.946
2023-07-09 13:15:00,55988186.651
2023-07-09 13:30:00,55988286.024
2023-07-09 13:45:00,55988385.704
2023-07-09 14:00:00,55988482.898
2023-07-09 14:15:00,55988581.601
2023-07-09 14:30:00,55988678.758
2023-07-09 14:45:00,55988776.895
2023-07-09 15:00:00,55988875.168
2023-07-09 15:15:00,55988972.519
2023-07-09 15:30:00,55989070.11
2023-07-09 15:45:00,55989165.889
2023-07-09 16:00:00,55989263.617
2023-07-09 16:15:00,55989361.424
2023-07-09 16:30:00,55989457.538
2023-07-09 16:45:00,55989554.872
2023-07-09 17:00:00,55989649.212
2023-07-09 17:15:00,55989743.817
2023-07-09 17:30:00,55989835.743
2023-07-09 17:45:00,55989928.663
2023-07-09 18:00:00,55990019.986
2023-07-09 18:15:00,55990112.528
2023-07-09 18:30:00,55990204.894
2023-07-09 18:45:00,55990296.999
2023-07-09 19:00:00,55990388.729
2023-07-09 19:15:00,55990480.109
2023-07-09 19:30:00,55990571.648
2023-07-09 19:45:00,55990662.233
2023-07-09 20:00:00,55990753.56
2023-07-09 20:15:00,55990844.922
2023-07-09 20:30:00,55990934.904
2023-07-09 20:45:00,55991023.404
2023-07-09 21:00:00,55991111.918
2023-07-09 21:15:00,55991199.872
2023-07-09 21:30:00,55991288.532
2023-07-09 21:45:00,55991375.948
2023-07-09 22:00:00,55991463.148
2023-07-09 22:15:00,55991552.102
2023-07-09 22:30:00,55991639.008
2023-07-09 22:45:00,55991725.795
2023-07-09 23:00:00,55991814.213
2023-07-09 23:15:00,55991902.097
2023-07-09 23:30:00,55991990.143
2023-07-09 23:45:00,55992076.768
2023-07-10 00:00:00,55992165.036
2023-07-10 00:15:00,55992251.562
2023-07-10 00:30:00,55992339.028
2023-07-10 00:45:00,55992426.969
2023-07-10 01:00:00,55992513.744
2023-07-10 01:15:00,55992600.091
2023-07-10 01:30:00,55992686.395
2023-07-10 01:45:00,55992774.7
2023-07-10 02:00:00,55992862.156
2023-07-10 02:15:00,55992947.76
2023-07-10 02:30:00,55993034.912
2023-07-10 02:45:00,55993121.909
2023-07-10 03:00:00,55993208.521
2023-07-10 03:15:00,55993294.765
2023-07-10 03:30:00,55993381.775
2023-07-10 03:45:00,55993468.158
2023-07-10 04:00:00,55993555.304
2023-07-10 04:15:00,55993643.105
2023-07-10 04:30:00,55993729.003
2023-07-10 04:45:00,55993815.486
2023-07-10 05:00:00,55993900.987
2023-07-10 05:15:00,55993987.372
2023-07-10 05:30:00,55994075.491
2023-07-10 05:45:00,55994160.064
2023-07-10 06:00:00,55994247.438
2023-07-10 06:15:00,55994332.437
2023-07-10 06:30:00,55994419.109
2023-07-10 06:45:00,55994504.397
2023-07-10 07:00:00,55994590.711
2023-07-10 07:15:00,55994677.649
2023-07-10 07:30:00,55994763.77
2023-07-10 07:45:00,55994852.454
2023-07-10 08:00:00,55994939.645
2023-07-10 08:15:00,55995028.585
2023-07-10 08:30:00,55995117.62
2023-07-10 08:45:00,55995206.578
2023-07-10 09:00:00,55995298.276
2023-07-10 09:15:00,55995388.041
2023-07-10 09:30:00,55995480.125
2023-07-10 09:45:00,55995573.388
2023-07-10 10:00:00,55995670.487
2023-07-10 10:15:00,55995768.349
2023-07-10 10:30:00,55995866.361
2023-07-10 10:45:00,55995966.83
2023-07-10 11:00:00,55996065.41
2023-07-10 11:15:00,55996162.943
2023-07-10 11:30:00,55996262.948
2023-07-10 11:45:00,55996366.284
2023-07-10 12:00:00,55996467.296
2023-07-10 12:15:00,55996569.742
2023-07-10 12:30:00,55996673.175
2023-07-10 12:45:00,55996777.174
2023-07-10 13:00:00,55996881.309
2023-07-10 13:15:00,55996983.113
2023-07-10 13:30:00,55997085.527
2023-07-10 13:45:00,55997185.906
2023-07-10 14:00:00,55997287.91
2023-07-10 14:15:00,55997384.567
2023-07-10 14:30:00,55997481.474
2023-07-10 14:45:00,55997579.741
2023-07-10 15:00:00,55997678.128
2023-07-10 15:15:00,55997774.495
2023-07-10 15:30:00,55997871.286
2023-07-10 15:45:00,55997967.628
2023-07-10 16:00:00,55998064.221
2023-07-10 16:15:00,55998159.277
2023-07-10 16:30:00,55998255.933
2023-07-10 16:45:00,55998352.365
2023-07-10 17:00:00,55998449.323
2023-07-10 17:15:00,55998544.076
2023-07-10 17:30:00,55998639.418
2023-07-10 17:45:00,55998734.702
2023-07-10 18:00:00,55998827.878
2023-07-10 18:15:00,55998922.327
2023-07-10 18:30:00,55999015.334
2023-07-10 18:45:00,55999108.537
2023-07-10 19:00:00,55999201.284
2023-07-10 19:15:00,55999291.915
2023-07-10 19:30:00,55999383.135
2023-07-10 19:45:00,55999474.034
2023-07-10 20:00:00,55999565.397
2023-07-10 20:15:00,55999657.05
2023-07-10 20:30:00,55999746.412
2023-07-10 20:45:00,55999836.654
2023-07-10 21:00:00,55999927.727
2023-07-10 21:15:00,56000019.529
2023-07-10 21:30:00,56000110.777
2023-07-10 21:45:00,56000200.87
2023-07-10 22:00:00,56000290.712
2023-07-10 22:15:00,56000382.819
2023-07-10 22:30:00,56000472.633
2023-07-10 22:45:00,56000563.207
2023-07-10 23:00:00,56000652.139
2023-07-10 23:15:00,56000741.259
2023-07-10 23:30:00,56000830.372
2023-07-10 23:45:00,56000919.701
2023-07-11 00:00:00,56001008.574
2023-07-11 00:15:00,56001097.8
2023-07-11 00:30:00,56001187.476
2023-07-11 00:45:00,56001275.789
2023-07-11 01:00:00,56001364.374
2023-07-11 01:15:00,56001453.281
2023-07-11 01:30:00,56001542.667
2023-07-11 01:45:00,56001632.263
2023-07-11 02:00:00,56001720.676
2023-07-11 02:15:00,56001808.531
2023-07-11 02:30:00,56001897.047
2023-07-11 02:45:00,56001987.079
2023-07-11 03:00:00,56002077.121
2023-07-11 03:15:00,56002163.259
2023-07-11 03:30:00,56002253.655
2023-07-11 03:45:00,56002342.496
2023-07-11 04:00:00,56002430.448
2023-07-11 04:15:00,56002517.908
2023-07-11 04:30:00,56002606.476
2023-07-11 04:45:00,56002694.437
2023-07-11 05:00:00,56002782.442
2023-07-11 05:15:00,56002870.029
2023-07-11 05:30:00,56002959.231
2023-07-11 05:45:00,56003047.224
2023-07-11 06:00:00,56003136.218
2023-07-11 06:15:00,56003223.774
2023-07-11 06:30:00,56003311.388
2023-07-11 06:45:00,56003399.884
2023-07-11 07:00:00,56003489.268
2023-07-11 07:15:00,56003579.077
2023-07-11 07:30:00,56003668.383
2023-07-11 07:45:00,56003757.981
2023-07-11 08:00:00,56003847.9
2023-07-11 08:15:00,56003938.138
2023-07-11 08:30:00,56004028.506
2023-07-11 08:45:00,56004121.038
2023-07-11 09:00:00,56004214.983
2023-07-11 09:15:00,56004308.272
2023-07-11 09:30:00,56004402.892
2023-07-11 09:45:00,56004497.851
2023-07-11 10:00:00,56004593.167
2023-07-11 10:15:00,56004689.61
2023-07-11 10:30:00,56004788.702
2023-07-11 10:45:00,56004886.861
2023-07-11 11:00:00,56004984.899
2023-07-11 11:15:00,56005083.155
2023-07-11 11:30:00,56005181.273
2023-07-11 11:45:00,56005281.044
2023-07-11 12:00:00,56005377.596
2023-07-11 12:15:00,56005475.784
2023-07-11 12:30:00,56005572.887
2023-07-11 12:45:00,56005671.201
2023-07-11 13:00:00,56005769.924
2023-07-11 13:15:00,56005868.785
2023-07-11 13:30:00,56005966.559
2023-07-11 13:45:00,56006063.273
2023-07-11 14:00:00,56006161.605
2023-07-11 14:15:00,56006260.638
2023-07-11 14:30:00,56006359.62
2023-07-11 14:45:00,56006457.563
2023-07-11 15:00:00,56006555.288
2023-07-11 15:15:00,56006651.849
2023-07-11 15:30:00,56006751.103
2023-07-11 15:45:00,56006848.86
2023-07-11 16:00:00,56006945.536
2023-07-11 16:15:00,56007043.122
2023-07-11 16:30:00,56007137.387
2023-07-11 16:45:00,56007232.152
2023-07-11 17:00:00,56007323.688
2023-07-11 17:15:00,56007417.753
2023-07-11 17:30:00,56007511.31
2023-07-11 17:45:00,56007604.337
2023-07-11 18:00:00,56007696.133
2023-07-11 18:15:00,56007788.881
2023-07-11 18:30:00,56007880.978
2023-07-11 18:45:00,56007971.254
2023-07-11 19:00:00,56008062.87
2023-07-11 19:15:00,56008153.265
2023-07-11 19:30:00,56008242.849
2023-07-11 19:45:00,56008333.13
2023-07-11 20:00:00,56008423.449
2023-07-11 20:15:00,56008513.931
2023-07-11 20:30:00,56008605.115
2023-07-11 20:45:00,56008695.756
2023-07-11 21:00:00,56008786.544
2023-07-11 21:15:00,56008875.859
2023-07-11 21:30:00,56008966.668
2023-07-11 21:45:00,56009057.038
2023-07-11 22:00:00,56009147.405
2023-07-11 22:15:00,56009238.04
2023-07-11 22:30:00,56009328.156
2023-07-11 22:45:00,56009418.894
2023-07-11 23:00:00,56009509.016
2023-07-11 23:15:00,56009598.093
2023-07-11 23:30:00,56009686.353
2023-07-11 23:45:00,56009774.868
2023-07-12 00:00:00,56009862.977
2023-07-12 00:15:00,56009952.271
2023-07-12 00:30:00,56010040.053
2023-07-12 00:45:00,56010126.633
2023-07-12 01:00:00,56010213.566
2023-07-12 01:15:00,56010299.427
2023-07-12 01:30:00,56010385.327
2023-07-12 01:45:00,56010470.552
2023-07-12 02:00:00,56010556.889
2023-07-12 02:15:00,56010646.325
2023-07-12 02:30:00,56010733.406
2023-07-12 02:45:00,56010822.174
2023-07-12 03:00:00,56010910.383
2023-07-12 03:15:00,56010999.404
2023-07-12 03:30:00,56011088.23
2023-07-12 03:45:00,56011176.527
2023-07-12 04:00:00,56011263.816
2023-07-12 04:15:00,56011349.307
2023-07-12 04:30:00,56011434.411
2023-07-12 04:45:00,56011519.255
2023-07-12 05:00:00,56011604.354
2023-07-12 05:15:00,56011688.247
2023-07-12 05:30:00,56011773.4
2023-07-12 05:45:00,56011858.174
2023-07-12 06:00:00,56011942.692
2023-07-12 06:15:00,56012026.968
2023-07-12 06:30:00,56012113.303
2023-07-12 06:45:00,56012196.951
2023-07-12 07:00:00,56012282.172
2023-07-12 07:15:00,56012369.969
2023-07-12 07:30:00,56012459.78
2023-07-12 07:45:00,56012549.434
2023-07-12 08:00:00,56012644.162
2023-07-12 08:15:00,56012739.45
2023-07-12 08:30:00,56012835.775
2023-07-12 08:45:00,56012932.246
2023-07-12 09:00:00,56013030.304
2023-07-12 09:15:00,56013126.362
2023-07-12 09:30:00,56013224.031
2023-07-12 09:45:00,56013321.521
2023-07-12 10:00:00,56013420.857
2023-07-12 10:15:00,56013520.164
2023-07-12 10:30:00,56013617.99
2023-07-12 10:45:00,56013716.832
2023-07-12 11:00:00,56013814.289
2023-07-12 11:15:00,56013913.783
2023-07-12 11:30:00,56014014.435
2023-07-12 11:45:00,56014113.947
2023-07-12 12:00:00,56014214.518
2023-07-12 12:15:00,56014317.258
2023-07-12 12:30:00,56014419.157
2023-07-12 12:45:00,56014521.793
2023-07-12 13:00:00,56014623.813
2023-07-12 13:15:00,56014725.618
2023-07-12 13:30:00,56014836.015
2023-07-12 13:45:00,56014946.174
2023-07-12 14:00:00,56015054.98
2023-07-12 14:15:00,56015159.383
2023-07-12 14:30:00,56015263.214
2023-07-12 14:45:00,56015367.705
2023-07-12 15:00:00,56015472.639
2023-07-12 15:15:00,56015576.224
2023-07-12 15:30:00,56015679.695
2023-07-12 15:45:00,56015783.971
2023-07-12 16:00:00,56015887.557
2023-07-12 16:15:00,56015991.2
2023-07-12 16:30:00,56016095.093
2023-07-12 16:45:00,56016198.699
2023-07-12 17:00:00,56016302.158
2023-07-12 17:15:00,56016407.943
2023-07-12 17:30:00,56016513.746
2023-07-12 17:45:00,56016618.013
2023-07-12 18:00:00,56016723.419
2023-07-12 18:15:00,56016827.578
2023-07-12 18:30:00,56016930.498
2023-07-12 18:45:00,56017034.184
2023-07-12 19:00:00,56017137.582
2023-07-12 19:15:00,56017238.136
2023-07-12 19:30:00,56017337.924
2023-07-12 19:45:00,56017437.72
2023-07-12 20:00:00,56017537.583
2023-07-12 20:15:00,56017632.045
2023-07-12 20:30:00,56017726.881
2023-07-12 20:45:00,56017821.903
2023-07-12 21:00:00,56017915.375
2023-07-12 21:15:00,56018009.652
2023-07-12 21:30:00,56018104.135
2023-07-12 21:45:00,56018196.335
2023-07-12 22:00:00,56018289.608
2023-07-12 22:15:00,56018384.196
2023-07-12 22:30:00,56018478.141
2023-07-12 22:45:00,56018571.704
2023-07-12 23:00:00,56018666.081
2023-07-12 23:15:00,56018758.949
2023-07-12 23:30:00,56018851.634
2023-07-12 23:45:00,56018944.896
2023-07-13 00:00:00,56019036.257
2023-07-13 00:15:00,56019126.009
2023-07-13 00:30:00,56019215.85
2023-07-13 00:45:00,56019305.451
2023-07-13 01:00:00,56019397.038
2023-07-13 01:15:00,56019487.472
2023-07-13 01:30:00,56019577.312
2023-07-13 01:45:00,56019667.096
2023-07-13 02:00:00,56019758.189
2023-07-13 02:15:00,56019850.306
2023-07-13 02:30:00,56019946.098
2023-07-13 02:45:00,56020041.082
2023-07-13 03:00:00,56020138.237
2023-07-13 03:15:00,56020234.749
2023-07-13 03:30:00,56020332.547
2023-07-13 03:45:00,56020428.283
2023-07-13 04:00:00,56020525.572
2023-07-13 04:15:00,56020621.339
2023-07-13 04:30:00,56020718.047
2023-07-13 04:45:00,56020814.176
2023-07-13 05:00:00,56020911.631
2023-07-13 05:15:00,56021007.834
2023-07-13 05:30:00,56021104.073
2023-07-13 05:45:00,56021201.004
2023-07-13 06:00:00,56021297.803
2023-07-13 06:15:00,56021394.321
2023-07-13 06:30:00,56021490.536
2023-07-13 06:45:00,56021587.589
2023-07-13 07:00:00,56021684.71
2023-07-13 07:15:00,56021782.132
2023-07-13 07:30:00,56021878.635
2023-07-13 07:45:00,56021978.032
2023-07-13 08:00:00,56022076.641
2023-07-13 08:15:00,56022176.104
2023-07-13 08:30:00,56022273.647
2023-07-13 08:45:00,56022373.01
2023-07-13 09:00:00,56022473.099
2023-07-13 09:15:00,56022574.984
2023-07-13 09:30:00,56022676.408
2023-07-13 09:45:00,56022777.418
2023-07-13 10:00:00,56022879.495
2023-07-13 10:15:00,56022983.161
2023-07-13 10:30:00,56023088.384
2023-07-13 10:45:00,56023193.068
2023-07-13 11:00:00,56023299.406
2023-07-13 11:15:00,56023404.994
2023-07-13 11:30:00,56023511.781
2023-07-13 11:45:00,56023618.358
2023-07-13 12:00:00,56023721.15
2023-07-13 12:15:00,56023820.789
2023-07-13 12:30:00,56023919.834
2023-07-13 12:45:00,56024018.671
2023-07-13 13:00:00,56024118.51
2023-07-13 13:15:00,56024218.816
2023-07-13 13:30:00,56024318.088
2023-07-13 13:45:00,56024417.634
2023-07-13 14:00:00,56024518.525
2023-07-13 14:15:00,56024624.225
2023-07-13 14:30:00,56024729.522
2023-07-13 14:45:00,56024834.75
2023-07-13 15:00:00,56024940.46
2023-07-13 15:15:00,56025047.155
2023-07-13 15:30:00,56025151.709
2023-07-13 15:45:00,56025258.712
2023-07-13 16:00:00,56025363.52
2023-07-13 16:15:00,56025468.066
2023-07-13 16:30:00,56025571.808
2023-07-13 16:45:00,56025675.802
2023-07-13 17:00:00,56025780.729
2023-07-13 17:15:00,56025884.946
2023-07-13 17:30:00,56025988.288
2023-07-13 17:45:00,56026090.079
2023-07-13 18:00:00,56026191.666
2023-07-13 18:15:00,56026291.022
2023-07-13 18:30:00,56026390.353
2023-07-13 18:45:00,56026489.376
2023-07-13 19:00:00,56026586.968
2023-07-13 19:15:00,56026685.441
2023-07-13 19:30:00,56026783.671
2023-07-13 19:45:00,56026880.119
2023-07-13 20:00:00,56026975.325
2023-07-13 20:15:00,56027067.431
2023-07-13 20:30:00,56027158.362
2023-07-13 20:45:00,56027251.914
2023-07-13 21:00:00,56027345.343
2023-07-13 21:15:00,56027438.772
2023-07-13 21:30:00,56027532.909
2023-07-13 21:45:00,56027626.144
2023-07-13 22:00:00,56027719.678
2023-07-13 22:15:00,56027812.838
2023-07-13 22:30:00,56027903.469
2023-07-13 22:45:00,56027992.519
2023-07-13 23:00:00,56028082.21
2023-07-13 23:15:00,56028170.698
2023-07-13 23:30:00,56028258.275
2023-07-13 23:45:00,56028346.396
2023-07-14 00:00:00,56028433.568
2023-07-14 00:15:00,56028520.587
2023-07-14 00:30:00,56028607.742
2023-07-14 00:45:00,56028693.639
2023-07-14 01:00:00,56028781.189
2023-07-14 01:15:00,56028868.498
2023-07-14 01:30:00,56028958.323
2023-07-14 01:45:00,56029046.636
2023-07-14 02:00:00,56029136.915
2023-07-14 02:15:00,56029228.733
2023-07-14 02:30:00,56029323.904
2023-07-14 02:45:00,56029417.84
2023-07-14 03:00:00,56029513.293
2023-07-14 03:15:00,56029605.476
2023-07-14 03:30:00,56029697.684
2023-07-14 03:45:00,56029791.049
2023-07-14 04:00:00,56029881.032
2023-07-14 04:15:00,56029974.758
2023-07-14 04:30:00,56030067.515
2023-07-14 04:45:00,56030158.714
2023-07-14 05:00:00,56030250.896
2023-07-14 05:15:00,56030341.92
2023-07-14 05:30:00,56030435.676
2023-07-14 05:45:00,56030527.488
2023-07-14 06:00:00,56030620.354
2023-07-14 06:15:00,56030715.265
2023-07-14 06:30:00,56030809.687
2023-07-14 06:45:00,56030902.078
2023-07-14 07:00:00,56030999.338
2023-07-14 07:15:00,56031094.804
2023-07-14 07:30:00,56031191.448
2023-07-14 07:45:00,56031286.936
2023-07-14 08:00:00,56031379.439
2023-07-14 08:15:00,56031472.919
2023-07-14 08:30:00,56031567.388
2023-07-14 08:45:00,56031663.156
2023-07-14 09:00:00,56031761.509
2023-07-14 09:15:00,56031859.524
2023-07-14 09:30:00,56031958.402
2023-07-14 09:45:00,56032057.249
2023-07-14 10:00:00,56032157.33
2023-07-14 10:15:00,56032256.628
2023-07-14 10:30:00,56032357.332
2023-07-14 10:45:00,56032454.62
2023-07-14 11:00:00,56032551.92
2023-07-14 11:15:00,56032649.201
2023-07-14 11:30:00,56032746.477
2023-07-14 11:45:00,56032844.087
2023-07-14 12:00:00,56032940.324
2023-07-14 12:15:00,56033037.953
2023-07-14 12:30:00,56033136.554
2023-07-14 12:45:00,56033233.723
2023-07-14 13:00:00,56033330.794
2023-07-14 13:15:00,56033426.287
2023-07-14 13:30:00,56033523.502
2023-07-14 13:45:00,56033620.023
2023-07-14 14:00:00,56033715.831
2023-07-14 14:15:00,56033811.9
2023-07-14 14:30:00,56033908.972
2023-07-14 14:45:00,56034003.815
2023-07-14 15:00:00,56034099.989
2023-07-14 15:15:00,56034196.093
2023-07-14 15:30:00,56034292.795
2023-07-14 15:45:00,56034388.785
2023-07-14 16:00:00,56034485.995
2023-07-14 16:15:00,56034583.228
2023-07-14 16:30:00,56034679.478
2023-07-14 16:45:00,56034777.038
2023-07-14 17:00:00,56034873.289
2023-07-14 17:15:00,56034969.756
2023-07-14 17:30:00,56035066.181
2023-07-14 17:45:00,56035163.586
2023-07-14 18:00:00,56035259.795
2023-07-14 18:15:00,56035355.015
2023-07-14 18:30:00,56035450.159
2023-07-14 18:45:00,56035545.502
2023-07-14 19:00:00,56035641.122
2023-07-14 19:15:00,56035734.453
2023-07-14 19:30:00,56035826.833
2023-07-14 19:45:00,56035919.617
2023-07-14 20:00:00,56036012.621
2023-07-14 20:15:00,56036105.615
2023-07-14 20:30:00,56036196.877
2023-07-14 20:45:00,56036289.484
2023-07-14 21:00:00,56036382.593
2023-07-14 21:15:00,56036474.832
2023-07-14 21:30:00,56036567.25
2023-07-14 21:45:00,56036659.041
2023-07-14 22:00:00,56036752.248
2023-07-14 22:15:00,56036845.518
2023-07-14 22:30:00,56036937.024
2023-07-14 22:45:00,56037030.575
2023-07-14 23:00:00,56037122.779
2023-07-14 23:15:00,56037213.942
2023-07-14 23:30:00,56037307.027
2023-07-14 23:45:00,56037397.576
2023-07-15 00:00:00,56037488.909
2023-07-15 00:15:00,56037580.943
2023-07-15 00:30:00,56037668.861
2023-07-15 00:45:00,56037754.638
2023-07-15 01:00:00,56037841.197
2023-07-15 01:15:00,56037927.666
2023-07-15 01:30:00,56038014.493
2023-07-15 01:45:00,56038099.251
2023-07-15 02:00:00,56038185.525
2023-07-15 02:15:00,56038271.463
2023-07-15 02:30:00,56038357.202
2023-07-15 02:45:00,56038443.549
2023-07-15 03:00:00,56038528.105
2023-07-15 03:15:00,56038616.026
2023-07-15 03:30:00,56038704.032
2023-07-15 03:45:00,56038792.55
2023-07-15 04:00:00,56038879.879
2023-07-15 04:15:00,56038967.551
2023-07-15 04:30:00,56039055.338
2023-07-15 04:45:00,56039143.299
2023-07-15 05:00:00,56039231.374
2023-07-15 05:15:00,56039315.658
2023-07-15 05:30:00,56039401.979
2023-07-15 05:45:00,56039487.554
2023-07-15 06:00:00,56039572.491
2023-07-15 06:15:00,56039657.141
2023-07-15 06:30:00,56039742.67
2023-07-15 06:45:00,56039827.331
2023-07-15 07:00:00,56039911.851
2023-07-15 07:15:00,56039995.397
2023-07-15 07:30:00,56040080.618
2023-07-15 07:45:00,56040166.914
2023-07-15 08:00:00,56040254.579
2023-07-15 08:15:00,56040342.771
2023-07-15 08:30:00,56040431.003
2023-07-15 08:45:00,56040518.802
2023-07-15 09:00:00,56040607.921
2023-07-15 09:15:00,56040696.101
2023-07-15 09:30:00,56040785.398
2023-07-15 09:45:00,56040871.58
2023-07-15 10:00:00,56040958.861
2023-07-15 10:15:00,56041046.478
2023-07-15 10:30:00,56041134.766
2023-07-15 10:45:00,56041222.819
2023-07-15 11:00:00,56041311.869
2023-07-15 11:15:00,56041402.901
2023-07-15 11:30:00,56041492.689
2023-07-15 11:45:00,56041582.609
2023-07-15 12:00:00,56041672.901
2023-07-15 12:15:00,56041765.752
2023-07-15 12:30:00,56041858.399
2023-07-15 12:45:00,56041951.586
2023-07-15 13:00:00,56042044.232
2023-07-15 13:15:00,56042138.462
2023-07-15 13:30:00,56042230.293
2023-07-15 13:45:00,56042325.142
2023-07-15 14:00:00,56042417.062
2023-07-15 14:15:00,56042507.372
2023-07-15 14:30:00,56042597.75
2023-07-15 14:45:00,56042688.581
2023-07-15 15:00:00,56042780.894
2023-07-15 15:15:00,56042871.15
2023-07-15 15:30:00,56042961.283
2023-07-15 15:45:00,56043051.256
2023-07-15 16:00:00,56043141.448
2023-07-15 16:15:00,56043230.992
2023-07-15 16:30:00,56043322.057
2023-07-15 16:45:00,56043412.874
2023-07-15 17:00:00,56043505.31
2023-07-15 17:15:00,56043597.682
2023-07-15 17:30:00,56043691.147
2023-07-15 17:45:00,56043783.808
2023-07-15 18:00:00,56043875.877
2023-07-15 18:15:00,56043968.985
2023-07-15 18:30:00,56044061.089
2023-07-15 18:45:00,56044151.18
2023-07-15 19:00:00,56044241.142
2023-07-15 19:15:00,56044329.267
2023-07-15 19:30:00,56044417.87
2023-07-15 19:45:00,56044506.222
2023-07-15 20:00:00,56044595.357
2023-07-15 20:15:00,56044684.164
2023-07-15 20:30:00,56044772.782
2023-07-15 20:45:00,56044860.8
2023-07-15 21:00:00,56044951.81
2023-07-15 21:15:00,56045044.682
2023-07-15 21:30:00,56045136.217
2023-07-15 21:45:00,56045227.07
2023-07-15 22:00:00,56045317.904
2023-07-15 22:15:00,56045407.367
2023-07-15 22:30:00,56045498.323
2023-07-15 22:45:00,56045590.054
2023-07-15 23:00:00,56045681.082
2023-07-15 23:15:00,56045771.98
2023-07-15 23:30:00,56045862.617
2023-07-15 23:45:00,56045953.546
2023-07-16 00:00:00,56046043.908
2023-07-16 00:15:00,56046135.552
2023-07-16 00:30:00,56046226.476
2023-07-16 00:45:00,56046318.286
2023-07-16 01:00:00,56046408.712
2023-07-16 01:15:00,56046499.873
2023-07-16 01:30:00,56046591.587
2023-07-16 01:45:00,56046682.73
2023-07-16 02:00:00,56046773.316
2023-07-16 02:15:00,56046864.537
2023-07-16 02:30:00,56046955.611
2023-07-16 02:45:00,56047046.638
2023-07-16 03:00:00,56047137.675
2023-07-16 03:15:00,56047229.041
2023-07-16 03:30:00,56047320.762
2023-07-16 03:45:00,56047411.638
2023-07-16 04:00:00,56047503.622
2023-07-16 04:15:00,56047594.622
2023-07-16 04:30:00,56047686.022
2023-07-16 04:45:00,56047776.249
2023-07-16 05:00:00,56047867.445
2023-07-16 05:15:00,56047957.897
2023-07-16 05:30:00,56048049.096
2023-07-16 05:45:00,56048140.016
2023-07-16 06:00:00,56048231.636
2023-07-16 06:15:00,56048323.146
2023-07-16 06:30:00,56048414.387
2023-07-16 06:45:00,56048504.623
2023-07-16 07:00:00,56048596.189
2023-07-16 07:15:00,56048687.573
2023-07-16 07:30:00,56048778.003
2023-07-16 07:45:00,56048868.168
2023-07-16 08:00:00,56048959.153
2023-07-16 08:15:00,56049049.866
2023-07-16 08:30:00,56049138.106
2023-07-16 08:45:00,56049229.176
2023-07-16 09:00:00,56049320.804
2023-07-16 09:15:00,56049410.965
2023-07-16 09:30:00,56049501.819
2023-07-16 09:45:00,56049592.031
2023-07-16 10:00:00,56049684.268
2023-07-16 10:15:00,56049775.565
2023-07-16 10:30:00,56049866.485
2023-07-16 10:45:00,56049957.203
2023-07-16 11:00:00,56050048.962
2023-07-16 11:15:00,56050141.897
2023-07-16 11:30:00,56050235.759
2023-07-16 11:45:00,56050328.666
2023-07-16 12:00:00,56050421.936
2023-07-16 12:15:00,56050516.096
2023-07-16 12:30:00,56050610.125
2023-07-16 12:45:00,56050703.734
2023-07-16 13:00:00,56050797.436
2023-07-16 13:15:00,56050891.826
2023-07-16 13:30:00,56050985.773
2023-07-16 13:45:00,56051078.335
2023-07-16 14:00:00,56051172.037
2023-07-16 14:15:00,56051265.094
2023-07-16 14:30:00,56051358.958
2023-07-16 14:45:00,56051452.985
2023-07-16 15:00:00,56051545.853
2023-07-16 15:15:00,56051638.378
2023-07-16 15:30:00,56051732.079
2023-07-16 15:45:00,56051826.07
2023-07-16 16:00:00,56051919.156
2023-07-16 16:15:00,56052012.127
2023-07-16 16:30:00,56052104.702
2023-07-16 16:45:00,56052197.082
2023-07-16 17:00:00,56052291.117
2023-07-16 17:15:00,56052383.946
2023-07-16 17:30:00,56052477.58
2023-07-16 17:45:00,56052570.655
2023-07-16 18:00:00,56052663.445
2023-07-16 18:15:00,56052755.221
2023-07-16 18:30:00,56052847.103
2023-07-16 18:45:00,56052938.713
2023-07-16 19:00:00,56053031.44
2023-07-16 19:15:00,56053121.853
2023-07-16 19:30:00,56053213.397
2023-07-16 19:45:00,56053306.052
2023-07-16 20:00:00,56053397.293
2023-07-16 20:15:00,56053487.567
2023-07-16 20:30:00,56053579.415
2023-07-16 20:45:00,56053670.009
2023-07-16 21:00:00,56053760.777
2023-07-16 21:15:00,56053851.596
2023-07-16 21:30:00,56053943.895
2023-07-16 21:45:00,56054035.706
2023-07-16 22:00:00,56054125.988
2023-07-16 22:15:00,56054216.33
2023-07-16 22:30:00,56054306.179
2023-07-16 22:45:00,56054393.803
2023-07-16 23:00:00,56054481.82
2023-07-16 23:15:00,56054569.763
2023-07-16 23:30:00,56054657.094
2023-07-16 23:45:00,56054745.2
2023-07-17 00:00:00,56054834.192
2023-07-17 00:15:00,56054921.932
2023-07-17 00:30:00,56055009.903
2023-07-17 00:45:00,56055098.025
2023-07-17 01:00:00,56055185.3
2023-07-17 01:15:00,56055272.017
2023-07-17 01:30:00,56055358.684
2023-07-17 01:45:00,56055445.807
2023-07-17 02:00:00,56055533.786
2023-07-17 02:15:00,56055621.09
2023-07-17 02:30:00,56055708.339
2023-07-17 02:45:00,56055794.973
2023-07-17 03:00:00,56055881.771
2023-07-17 03:15:00,56055967.715
2023-07-17 03:30:00,56056054.573
2023-07-17 03:45:00,56056141.49
2023-07-17 04:00:00,56056229.209
2023-07-17 04:15:00,56056315.367
2023-07-17 04:30:00,56056402.981
2023-07-17 04:45:00,56056489.735
2023-07-17 05:00:00,56056575.923
2023-07-17 05:15:00,56056662.046
2023-07-17 05:30:00,56056749.646
2023-07-17 05:45:00,56056836.879
2023-07-17 06:00:00,56056923.267
2023-07-17 06:15:00,56057007.726
2023-07-17 06:30:00,56057092.72
2023-07-17 06:45:00,56057177.948
2023-07-17 07:00:00,56057264.129
2023-07-17 07:15:00,56057350.423
2023-07-17 07:30:00,56057440.33
2023-07-17 07:45:00,56057533.928
2023-07-17 08:00:00,56057626.734
2023-07-17 08:15:00,56057721.408
2023-07-17 08:30:00,56057816.416
2023-07-17 08:45:00,56057911.789
2023-07-17 09:00:00,56058008.689
2023-07-17 09:15:00,56058106.364
2023-07-17 09:30:00,56058206.064
2023-07-17 09:45:00,56058306.774
2023-07-17 10:00:00,56058407.856
2023-07-17 10:15:00,56058508.408
2023-07-17 10:30:00,56058608.366
2023-07-17 10:45:00,56058710.812
2023-07-17 11:00:00,56058813.051
2023-07-17 11:15:00,56058915.226
2023-07-17 11:30:00,56059018.685
2023-07-17 11:45:00,56059121.994
2023-07-17 12:00:00,56059223.616
2023-07-17 12:15:00,56059324.81
2023-07-17 12:30:00,56059426.407
2023-07-17 12:45:00,56059528.681
2023-07-17 13:00:00,56059631.167
2023-07-17 13:15:00,56059734.074
2023-07-17 13:30:00,56059836.519
2023-07-17 13:45:00,56059938.959
2023-07-17 14:00:00,56060042.031
2023-07-17 14:15:00,56060143.624
2023-07-17 14:30:00,56060246.349
2023-07-17 14:45:00,56060348.858
2023-07-17 15:00:00,56060451.296
2023-07-17 15:15:00,56060556.698
2023-07-17 15:30:00,56060662.027
2023-07-17 15:45:00,56060768.12
2023-07-17 16:00:00,56060871.881
2023-07-17 16:15:00,56060977.568
2023-07-17 16:30:00,56061082.843
2023-07-17 16:45:00,56061186.555
2023-07-17 17:00:00,56061290.735
2023-07-17 17:15:00,56061395.493
2023-07-17 17:30:00,56061500.747
2023-07-17 17:45:00,56061604.786
2023-07-17 18:00:00,56061707.55
2023-07-17 18:15:00,56061812.008
2023-07-17 18:30:00,56061915.174
2023-07-17 18:45:00,56062018.054
2023-07-17 19:00:00,56062120.66
2023-07-17 19:15:00,56062222.121
2023-07-17 19:30:00,56062323.363
2023-07-17 19:45:00,56062424.501
2023-07-17 20:00:00,56062526.124
2023-07-17 20:15:00,56062626.812
2023-07-17 20:30:00,56062726.924
2023-07-17 20:45:00,56062827.702
2023-07-17 21:00:00,56062927.469
2023-07-17 21:15:00,56063028.439
2023-07-17 21:30:00,56063129.548
2023-07-17 21:45:00,56063229.442
2023-07-17 22:00:00,56063328.826
2023-07-17 22:15:00,56063427.13
2023-07-17 22:30:00,56063525.39
2023-07-17 22:45:00,56063623.589
2023-07-17 23:00:00,56063720.164
2023-07-17 23:15:00,56063816.907
2023-07-17 23:30:00,56063912.003
2023-07-17 23:45:00,56064008.235
2023-07-18 00:00:00,56064103.607
2023-07-18 00:15:00,56064199.565
2023-07-18 00:30:00,56064294.677
2023-07-18 00:45:00,56064390.731
2023-07-18 01:00:00,56064487.456
2023-07-18 01:15:00,56064583.18
2023-07-18 01:30:00,56064678.878
2023-07-18 01:45:00,56064775.14
2023-07-18 02:00:00,56064871.646
2023-07-18 02:15:00,56064968.665
2023-07-18 02:30:00,56065063.471
2023-07-18 02:45:00,56065159.668
2023-07-18 03:00:00,56065256.128
2023-07-18 03:15:00,56065352.577
2023-07-18 03:30:00,56065449.256
2023-07-18 03:45:00,56065546.653
2023-07-18 04:00:00,56065642.431
2023-07-18 04:15:00,56065741.309
2023-07-18 04:30:00,56065838.06
2023-07-18 04:45:00,56065934.703
2023-07-18 05:00:00,56066029.759
2023-07-18 05:15:00,56066126.116
2023-07-18 05:30:00,56066223.727
2023-07-18 05:45:00,56066320.637
2023-07-18 06:00:00,56066416.428
2023-07-18 06:15:00,56066513.386
2023-07-18 06:30:00,56066609.8
2023-07-18 06:45:00,56066706.482
2023-07-18 07:00:00,56066803.289
2023-07-18 07:15:00,56066900.372
2023-07-18 07:30:00,56066995.864
2023-07-18 07:45:00,56067093.101
2023-07-18 08:00:00,56067190.943
2023-07-18 08:15:00,56067290.03
2023-07-18 08:30:00,56067389.013
2023-07-18 08:45:00,56067487.646
2023-07-18 09:00:00,56067587.237
2023-07-18 09:15:00,56067686.655
2023-07-18 09:30:00,56067789.556
2023-07-18 09:45:00,56067891.108
2023-07-18 10:00:00,56067993.084
2023-07-18 10:15:00,56068094.111
2023-07-18 10:30:00,56068193.239
2023-07-18 10:45:00,56068292.896
2023-07-18 11:00:00,56068390.263
2023-07-18 11:15:00,56068490.059
2023-07-18 11:30:00,56068590.933
2023-07-18 11:45:00,56068690.829
2023-07-18 12:00:00,56068790.137
2023-07-18 12:15:00,56068891.13
2023-07-18 12:30:00,56068991.28
2023-07-18 12:45:00,56069092.618
2023-07-18 13:00:00,56069193.692
2023-07-18 13:15:00,56069294.894
2023-07-18 13:30:00,56069397.874
2023-07-18 13:45:00,56069498.174
2023-07-18 14:00:00,56069598.743
2023-07-18 14:15:00,56069701.497
2023-07-18 14:30:00,56069801.493
2023-07-18 14:45:00,56069901.815
2023-07-18 15:00:00,56070001.977
2023-07-18 15:15:00,56070101.17
2023-07-18 15:30:00,56070199.898
2023-07-18 15:45:00,56070299.289
2023-07-18 16:00:00,56070398.122
2023-07-18 16:15:00,56070497.309
2023-07-18 16:30:00,56070595.97
2023-07-18 16:45:00,56070695.166
2023-07-18 17:00:00,56070792.902
2023-07-18 17:15:00,56070890.489
2023-07-18 17:30:00,56070988.177
2023-07-18 17:45:00,56071085.711
2023-07-18 18:00:00,56071182.565
2023-07-18 18:15:00,56071280.607
2023-07-18 18:30:00,56071377.637
2023-07-18 18:45:00,56071473.817
2023-07-18 19:00:00,56071570.944
2023-07-18 19:15:00,56071666.376
2023-07-18 19:30:00,56071761.579
2023-07-18 19:45:00,56071857.915
2023-07-18 20:00:00,56071954.372
2023-07-18 20:15:00,56072046.266
2023-07-18 20:30:00,56072138.328
2023-07-18 20:45:00,56072230.135
2023-07-18 21:00:00,56072323.116
2023-07-18 21:15:00,56072414.51
2023-07-18 21:30:00,56072506.462
2023-07-18 21:45:00,56072597.282
2023-07-18 22:00:00,56072688.174
2023-07-18 22:15:00,56072779.472
2023-07-18 22:30:00,56072870.34
2023-07-18 22:45:00,56072961.759
2023-07-18 23:00:00,56073051.905
2023-07-18 23:15:00,56073143.097
2023-07-18 23:30:00,56073232.44
2023-07-18 23:45:00,56073323.249
2023-07-19 00:00:00,56073413.988
2023-07-19 00:15:00,56073505.02
2023-07-19 00:30:00,56073594.157
2023-07-19 00:45:00,56073684.525
2023-07-19 01:00:00,56073773.775
2023-07-19 01:15:00,56073863.88
2023-07-19 01:30:00,56073953.103
2023-07-19 01:45:00,56074043.291
2023-07-19 02:00:00,56074131.747
2023-07-19 02:15:00,56074221.979
2023-07-19 02:30:00,56074312.301
2023-07-19 02:45:00,56074402.316
2023-07-19 03:00:00,56074491.547
2023-07-19 03:15:00,56074580.109
2023-07-19 03:30:00,56074667.749
2023-07-19 03:45:00,56074755.879
2023-07-19 04:00:00,56074844.497
2023-07-19 04:15:00,56074933.142
2023-07-19 04:30:00,56075021.238
2023-07-19 04:45:00,56075108.045
2023-07-19 05:00:00,56075196.131
2023-07-19 05:15:00,56075284.755
2023-07-19 05:30:00,56075371.542
2023-07-19 05:45:00,56075459.447
2023-07-19 06:00:00,56075548.574
2023-07-19 06:15:00,56075634.06
2023-07-19 06:30:00,56075721.689
2023-07-19 06:45:00,56075809.272
2023-07-19 07:00:00,56075897.311
2023-07-19 07:15:00,56075984.562
2023-07-19 07:30:00,56076071.62
2023-07-19 07:45:00,56076161.699
2023-07-19 08:00:00,56076248.918
2023-07-19 08:15:00,56076338.421
2023-07-19 08:30:00,56076430.854
2023-07-19 08:45:00,56076522.31
2023-07-19 09:00:00,56076612.709
2023-07-19 09:15:00,56076703.793
2023-07-19 09:30:00,56076798.934
2023-07-19 09:45:00,56076897.204
2023-07-19 10:00:00,56076995.528
2023-07-19 10:15:00,56077096.106
2023-07-19 10:30:00,56077194.855
2023-07-19 10:45:00,56077294.093
2023-07-19 11:00:00,56077395.216
2023-07-19 11:15:00,56077493.397
2023-07-19 11:30:00,56077590.042
2023-07-19 11:45:00,56077686.234
2023-07-19 12:00:00,56077783.343
2023-07-19 12:15:00,56077881.405
2023-07-19 12:30:00,56077978.237
2023-07-19 12:45:00,56078074.807
2023-07-19 13:00:00,56078171.641
2023-07-19 13:15:00,56078268.148
2023-07-19 13:30:00,56078365.041
2023-07-19 13:45:00,56078463.273
2023-07-19 14:00:00,56078565.655
2023-07-19 14:15:00,56078667.954
2023-07-19 14:30:00,56078772.343
2023-07-19 14:45:00,56078876.905
2023-07-19 15:00:00,56078981.551
2023-07-19 15:15:00,56079085.49
2023-07-19 15:30:00,56079189.745
2023-07-19 15:45:00,56079291.564
2023-07-19 16:00:00,56079394.858
2023-07-19 16:15:00,56079498.377
2023-07-19 16:30:00,56079600.306
2023-07-19 16:45:00,56079702.264
2023-07-19 17:00:00,56079803.566
2023-07-19 17:15:00,56079902.966
2023-07-19 17:30:00,56080001.993
2023-07-19 17:45:00,56080101.348
2023-07-19 18:00:00,56080200.333
2023-07-19 18:15:00,56080297.206
2023-07-19 18:30:00,56080394.013
2023-07-19 18:45:00,56080489.345
2023-07-19 19:00:00,56080583.189
2023-07-19 19:15:00,56080675.747
2023-07-19 19:30:00,56080769.063
2023-07-19 19:45:00,56080861.96
2023-07-19 20:00:00,56080953.744
2023-07-19 20:15:00,56081041.591
2023-07-19 20:30:00,56081129.502
2023-07-19 20:45:00,56081216.144
2023-07-19 21:00:00,56081303.076
2023-07-19 21:15:00,56081390.324
2023-07-19 21:30:00,56081477.889
2023-07-19 21:45:00,56081565.139
2023-07-19 22:00:00,56081652.528
2023-07-19 22:15:00,56081739.941
2023-07-19 22:30:00,56081827.048
2023-07-19 22:45:00,56081914.807
2023-07-19 23:00:00,56082001.664
2023-07-19 23:15:00,56082088.952
2023-07-19 23:30:00,56082177.56
2023-07-19 23:45:00,56082265.305
2023-07-20 00:00:00,56082353.303
2023-07-20 00:15:00,56082440.579
2023-07-20 00:30:00,56082528.473
2023-07-20 00:45:00,56082616.237
2023-07-20 01:00:00,56082703.1
2023-07-20 01:15:00,56082790.276
2023-07-20 01:30:00,56082877.154
2023-07-20 01:45:00,56082964.074
2023-07-20 02:00:00,56083051.915
2023-07-20 02:15:00,56083144.462
2023-07-20 02:30:00,56083236.746
2023-07-20 02:45:00,56083328.21
2023-07-20 03:00:00,56083421.14
2023-07-20 03:15:00,56083513.278
2023-07-20 03:30:00,56083604.264
2023-07-20 03:45:00,56083696.248
2023-07-20 04:00:00,56083787.54
2023-07-20 04:15:00,56083878.038
2023-07-20 04:30:00,56083969.305
2023-07-20 04:45:00,56084060.716
2023-07-20 05:00:00,56084152.293
2023-07-20 05:15:00,56084243.003
2023-07-20 05:30:00,56084334.136
2023-07-20 05:45:00,56084423.483
2023-07-20 06:00:00,56084515.805
2023-07-20 06:15:00,56084608.851
2023-07-20 06:30:00,56084699.627
2023-07-20 06:45:00,56084790.143
2023-07-20 07:00:00,56084880.915
2023-07-20 07:15:00,56084973.506
2023-07-20 07:30:00,56085066.656
2023-07-20 07:45:00,56085159.547
2023-07-20 08:00:00,56085253.649
2023-07-20 08:15:00,56085347.402
2023-07-20 08:30:00,56085442.548
2023-07-20 08:45:00,56085537.537
2023-07-20 09:00:00,56085634.926
2023-07-20 09:15:00,56085729.603
2023-07-20 09:30:00,56085829.278
2023-07-20 09:45:00,56085929.437
2023-07-20 10:00:00,56086030.111
2023-07-20 10:15:00,56086130.799
2023-07-20 10:30:00,56086233.168
2023-07-20 10:45:00,56086336.089
2023-07-20 11:00:00,56086438.243
2023-07-20 11:15:00,56086541.407
2023-07-20 11:30:00,56086645.068
2023-07-20 11:45:00,56086750.729
2023-07-20 12:00:00,56086855.638
2023-07-20 12:15:00,56086961.085
2023-07-20 12:30:00,56087065.221
2023-07-20 12:45:00,56087168.033
2023-07-20 13:00:00,56087271.566
2023-07-20 13:15:00,56087375.514
2023-07-20 13:30:00,56087480.295
2023-07-20 13:45:00,56087582.954
2023-07-20 14:00:00,56087687.687
2023-07-20 14:15:00,56087787.862
2023-07-20 14:30:00,56087888.094
2023-07-20 14:45:00,56087987.171
2023-07-20 15:00:00,56088091.103
2023-07-20 15:15:00,56088195.057
2023-07-20 15:30:00,56088299.441
2023-07-20 15:45:00,56088403.478
2023-07-20 16:00:00,56088508.507
2023-07-20 16:15:00,56088611.941
2023-07-20 16:30:00,56088715.803
2023-07-20 16:45:00,56088818.751
2023-07-20 17:00:00,56088921.559
2023-07-20 17:15:00,56089022.607
2023-07-20 17:30:00,56089123.188
2023-07-20 17:45:00,56089223.586
2023-07-20 18:00:00,56089323.318
2023-07-20 18:15:00,56089422.705
2023-07-20 18:30:00,56089521.345
2023-07-20 18:45:00,56089619.245
2023-07-20 19:00:00,56089718.543
2023-07-20 19:15:00,56089815.287
2023-07-20 19:30:00,56089912.061
2023-07-20 19:45:00,56090009.208
2023-07-20 20:00:00,56090105.664
2023-07-20 20:15:00,56090197.235
2023-07-20 20:30:00,56090288.783
2023-07-20 20:45:00,56090380.8
2023-07-20 21:00:00,56090471.95
2023-07-20 21:15:00,56090562.781
2023-07-20 21:30:00,56090653.82
2023-07-20 21:45:00,56090745.664
2023-07-20 22:00:00,56090836.858
2023-07-20 22:15:00,56090927.735
2023-07-20 22:30:00,56091018.199
2023-07-20 22:45:00,56091109.357
2023-07-20 23:00:00,56091200.278
2023-07-20 23:15:00,56091291.457
2023-07-20 23:30:00,56091383.282
2023-07-20 23:45:00,56091473.92
2023-07-21 00:00:00,56091564.852
2023-07-21 00:15:00,56091656.32
2023-07-21 00:30:00,56091746.767
2023-07-21 00:45:00,56091837.678
2023-07-21 01:00:00,56091929.654
2023-07-21 01:15:00,56092019.615
2023-07-21 01:30:00,56092109.29
2023-07-21 01:45:00,56092199.987
2023-07-21 02:00:00,56092290.865
2023-07-21 02:15:00,56092384.558
2023-07-21 02:30:00,56092479.753
2023-07-21 02:45:00,56092575.346
2023-07-21 03:00:00,56092670.743
2023-07-21 03:15:00,56092767.613
2023-07-21 03:30:00,56092863.252
2023-07-21 03:45:00,56092957.554
2023-07-21 04:00:00,56093052.127
2023-07-21 04:15:00,56093148.771
2023-07-21 04:30:00,56093243.876
2023-07-21 04:45:00,56093339.062
2023-07-21 05:00:00,56093435.449
2023-07-21 05:15:00,56093531.488
2023-07-21 05:30:00,56093628.572
2023-07-21 05:45:00,56093723.95
2023-07-21 06:00:00,56093819.995
2023-07-21 06:15:00,56093915.972
2023-07-21 06:30:00,56094011.327
2023-07-21 06:45:00,56094107.206
2023-07-21 07:00:00,56094203.088
2023-07-21 07:15:00,56094300.248
2023-07-21 07:30:00,56094396.372
2023-07-21 07:45:00,56094495.391
2023-07-21 08:00:00,56094590.287
2023-07-21 08:15:00,56094686.885
2023-07-21 08:30:00,56094782.9
2023-07-21 08:45:00,56094880.503
2023-07-21 09:00:00,56094980.33
2023-07-21 09:15:00,56095078.24
2023-07-21 09:30:00,56095175.654
2023-07-21 09:45:00,56095275.494
2023-07-21 10:00:00,56095374.907
2023-07-21 10:15:00,56095476.195
2023-07-21 10:30:00,56095576.934
2023-07-21 10:45:00,56095677.684
2023-07-21 11:00:00,56095777.61
2023-07-21 11:15:00,56095880.023
2023-07-21 11:30:00,56095982.588
2023-07-21 11:45:00,56096087.668
2023-07-21 12:00:00,56096193.913
2023-07-21 12:15:00,56096299.481
2023-07-21 12:30:00,56096404.168
2023-07-21 12:45:00,56096509.549
2023-07-21 13:00:00,56096611.239
2023-07-21 13:15:00,56096711.823
2023-07-21 13:30:00,56096813.253
2023-07-21 13:45:00,56096915.533
2023-07-21 14:00:00,56097017.147
2023-07-21 14:15:00,56097118.45
2023-07-21 14:30:00,56097219.269
2023-07-21 14:45:00,56097321.266
2023-07-21 15:00:00,56097423.915
2023-07-21 15:15:00,56097525.611
2023-07-21 15:30:00,56097626.014
2023-07-21 15:45:00,56097725.887
2023-07-21 16:00:00,56097828.332
2023-07-21 16:15:00,56097930.366
2023-07-21 16:30:00,56098029.67
2023-07-21 16:45:00,56098131.401
2023-07-21 17:00:00,56098232.229
2023-07-21 17:15:00,56098333.217
2023-07-21 17:30:00,56098433.035
2023-07-21 17:45:00,56098533.912
2023-07-21 18:00:00,56098633.702
2023-07-21 18:15:00,56098732.902
2023-07-21 18:30:00,56098831.382
2023-07-21 18:45:00,56098930.241
2023-07-21 19:00:00,56099027.221
2023-07-21 19:15:00,56099124.197
2023-07-21 19:30:00,56099220.828
2023-07-21 19:45:00,56099316.213
2023-07-21 20:00:00,56099409.709
2023-07-21 20:15:00,56099499.836
2023-07-21 20:30:00,56099589.98
2023-07-21 20:45:00,56099679.402
2023-07-21 21:00:00,56099767.231
2023-07-21 21:15:00,56099855.486
2023-07-21 21:30:00,56099945.552
2023-07-21 21:45:00,56100033.187
2023-07-21 22:00:00,56100122.344
2023-07-21 22:15:00,56100211.538
2023-07-21 22:30:00,56100299.637
2023-07-21 22:45:00,56100387.291
2023-07-21 23:00:00,56100475.717
2023-07-21 23:15:00,56100564.914
2023-07-21 23:30:00,56100652.653
2023-07-21 23:45:00,56100741.262
2023-07-22 00:00:00,56100829.787
2023-07-22 00:15:00,56100918.704
2023-07-22 00:30:00,56101007.928
2023-07-22 00:45:00,56101095.898
2023-07-22 01:00:00,56101183.991
2023-07-22 01:15:00,56101271.595
2023-07-22 01:30:00,56101359.95
2023-07-22 01:45:00,56101447.664
2023-07-22 02:00:00,56101536.254
2023-07-22 02:15:00,56101623.35
2023-07-22 02:30:00,56101710.101
2023-07-22 02:45:00,56101797.037
2023-07-22 03:00:00,56101883.878
2023-07-22 03:15:00,56101970.507
2023-07-22 03:30:00,56102057.606
2023-07-22 03:45:00,56102143.847
2023-07-22 04:00:00,56102230.293
2023-07-22 04:15:00,56102316.309
2023-07-22 04:30:00,56102402.194
2023-07-22 04:45:00,56102488.23
2023-07-22 05:00:00,56102575.028
2023-07-22 05:15:00,56102666.367
2023-07-22 05:30:00,56102759.779
2023-07-22 05:45:00,56102852.335
2023-07-22 06:00:00,56102945.578
2023-07-22 06:15:00,56103038.998
2023-07-22 06:30:00,56103131.313
2023-07-22 06:45:00,56103224.636
2023-07-22 07:00:00,56103318.811
2023-07-22 07:15:00,56103411.195
2023-07-22 07:30:00,56103504.877
2023-07-22 07:45:00,56103598.037
2023-07-22 08:00:00,56103692.945
2023-07-22 08:15:00,56103786.215
2023-07-22 08:30:00,56103880.279
2023-07-22 08:45:00,56103975.682
2023-07-22 09:00:00,56104071.535
2023-07-22 09:15:00,56104166.141
2023-07-22 09:30:00,56104261.964
2023-07-22 09:45:00,56104356.867
2023-07-22 10:00:00,56104452.534
2023-07-22 10:15:00,56104547.131
2023-07-22 10:30:00,56104644.112
2023-07-22 10:45:00,56104739.087
2023-07-22 11:00:00,56104835.395
2023-07-22 11:15:00,56104930.982
2023-07-22 11:30:00,56105027.338
2023-07-22 11:45:00,56105123.559
2023-07-22 12:00:00,56105219.362
2023-07-22 12:15:00,56105316.344
2023-07-22 12:30:00,56105413.006
2023-07-22 12:45:00,56105509.599
2023-07-22 13:00:00,56105605.062
2023-07-22 13:15:00,56105700.235
2023-07-22 13:30:00,56105797.314
2023-07-22 13:45:00,56105892.882
2023-07-22 14:00:00,56105989.053
2023-07-22 14:15:00,56106084.188
2023-07-22 14:30:00,56106180.532
2023-07-22 14:45:00,56106276.25
2023-07-22 15:00:00,56106369.268
2023-07-22 15:15:00,56106463.799
2023-07-22 15:30:00,56106559.06
2023-07-22 15:45:00,56106654.105
2023-07-22 16:00:00,56106750.636
2023-07-22 16:15:00,56106845.551
2023-07-22 16:30:00,56106940.742
2023-07-22 16:45:00,56107036.087
2023-07-22 17:00:00,56107132.767
2023-07-22 17:15:00,56107226.786
2023-07-22 17:30:00,56107323.388
2023-07-22 17:45:00,56107418.004
2023-07-22 18:00:00,56107513.194
2023-07-22 18:15:00,56107608.053
2023-07-22 18:30:00,56107704.884
2023-07-22 18:45:00,56107800.063
2023-07-22 19:00:00,56107894.919
2023-07-22 19:15:00,56107988.679
2023-07-22 19:30:00,56108084.763
2023-07-22 19:45:00,56108180.056
2023-07-22 20:00:00,56108274.288
2023-07-22 20:15:00,56108363.522
2023-07-22 20:30:00,56108453.504
2023-07-22 20:45:00,56108543.243
2023-07-22 21:00:00,56108632.617
2023-07-22 21:15:00,56108721.62
2023-07-22 21:30:00,56108810.658
2023-07-22 21:45:00,56108898.808
2023-07-22 22:00:00,56108988.081
2023-07-22 22:15:00,56109076.79
2023-07-22 22:30:00,56109166.549
2023-07-22 22:45:00,56109255.051
2023-07-22 23:00:00,56109344.027
2023-07-22 23:15:00,56109433.979
2023-07-22 23:30:00,56109522.703
2023-07-22 23:45:00,56109612.616
2023-07-23 00:00:00,56109704.846
2023-07-23 00:15:00,56109794.49
2023-07-23 00:30:00,56109882.433
2023-07-23 00:45:00,56109970.272
2023-07-23 01:00:00,56110059.684
2023-07-23 01:15:00,56110147.871
2023-07-23 01:30:00,56110236.096
2023-07-23 01:45:00,56110322.636
2023-07-23 02:00:00,56110410.441
2023-07-23 02:15:00,56110498.381
2023-07-23 02:30:00,56110585.491
2023-07-23 02:45:00,56110673.058
2023-07-23 03:00:00,56110759.499
2023-07-23 03:15:00,56110845.731
2023-07-23 03:30:00,56110931.375
2023-07-23 03:45:00,56111018.673
2023-07-23 04:00:00,56111105.162
2023-07-23 04:15:00,56111190.582
2023-07-23 04:30:00,56111277.329
2023-07-23 04:45:00,56111363.627
2023-07-23 05:00:00,56111450.361
2023-07-23 05:15:00,56111541.23
2023-07-23 05:30:00,56111633.212
2023-07-23 05:45:00,56111723.699
2023-07-23 06:00:00,56111815.429
2023-07-23 06:15:00,56111908.803
2023-07-23 06:30:00,56112000.627
2023-07-23 06:45:00,56112092.124
2023-07-23 07:00:00,56112183.856
2023-07-23 07:15:00,56112276.685
2023-07-23 07:30:00,56112369.634
2023-07-23 07:45:00,56112463.62
2023-07-23 08:00:00,56112556.835
2023-07-23 08:15:00,56112648.7
2023-07-23 08:30:00,56112744.181
2023-07-23 08:45:00,56112836.227
2023-07-23 09:00:00,56112930.346
2023-07-23 09:15:00,56113025.141
2023-07-23 09:30:00,56113120.588
2023-07-23 09:45:00,56113217.325
2023-07-23 10:00:00,56113314.099
2023-07-23 10:15:00,56113410.082
2023-07-23 10:30:00,56113506.766
2023-07-23 10:45:00,56113604.348
2023-07-23 11:00:00,56113702.593
2023-07-23 11:15:00,56113801.152
2023-07-23 11:30:00,56113899.394
2023-07-23 11:45:00,56113999.049
2023-07-23 12:00:00,56114097.091
2023-07-23 12:15:00,56114195.331
2023-07-23 12:30:00,56114294.359
2023-07-23 12:45:00,56114391.838
2023-07-23 13:00:00,56114489.929
2023-07-23 13:15:00,56114588.726
2023-07-23 13:30:00,56114686.289
2023-07-23 13:45:00,56114785.162
2023-07-23 14:00:00,56114885.851
2023-07-23 14:15:00,56114984.076
2023-07-23 14:30:00,56115083.736
2023-07-23 14:45:00,56115182.064
2023-07-23 15:00:00,56115281.116
2023-07-23 15:15:00,56115378.981
2023-07-23 15:30:00,56115477.236
2023-07-23 15:45:00,56115576.052
2023-07-23 16:00:00,56115674.298
2023-07-23 16:15:00,56115773.992
2023-07-23 16:30:00,56115873.53
2023-07-23 16:45:00,56115972.974
2023-07-23 17:00:00,56116072.32
2023-07-23 17:15:00,56116171.221
2023-07-23 17:30:00,56116267.923
2023-07-23 17:45:00,56116366.78
2023-07-23 18:00:00,56116465.876
2023-07-23 18:15:00,56116564.513
2023-07-23 18:30:00,56116659.938
2023-07-23 18:45:00,56116758.836
2023-07-23 19:00:00,56116858.434
2023-07-23 19:15:00,56116956.232
2023-07-23 19:30:00,56117053.544
2023-07-23 19:45:00,56117151.55
2023-07-23 20:00:00,56117248.922
2023-07-23 20:15:00,56117339.479
2023-07-23 20:30:00,56117433.601
2023-07-23 20:45:00,56117525.889
2023-07-23 21:00:00,56117616.956
2023-07-23 21:15:00,56117709.295
2023-07-23 21:30:00,56117800.449
2023-07-23 21:45:00,56117892.482
2023-07-23 22:00:00,56117984.037
2023-07-23 22:15:00,56118075.69
2023-07-23 22:30:00,56118166.763
2023-07-23 22:45:00,56118257.298
2023-07-23 23:00:00,56118348.57
2023-07-23 23:15:00,56118439.191
2023-07-23 23:30:00,56118530.707
2023-07-23 23:45:00,56118621.725
2023-07-24 00:00:00,56118712.022
2023-07-24 00:15:00,56118804.15
2023-07-24 00:30:00,56118894.562
2023-07-24 00:45:00,56118986.968
2023-07-24 01:00:00,56119077.835
2023-07-24 01:15:00,56119168.794
2023-07-24 01:30:00,56119260.033
2023-07-24 01:45:00,56119350.125
2023-07-24 02:00:00,56119441.328
2023-07-24 02:15:00,56119535.868
2023-07-24 02:30:00,56119632.893
2023-07-24 02:45:00,56119729.368
2023-07-24 03:00:00,56119825.338
2023-07-24 03:15:00,56119921.514
2023-07-24 03:30:00,56120017.947
2023-07-24 03:45:00,56120114.327
2023-07-24 04:00:00,56120208.614
2023-07-24 04:15:00,56120304.695
2023-07-24 04:30:00,56120399.144
2023-07-24 04:45:00,56120494.804
2023-07-24 05:00:00,56120588.988
2023-07-24 05:15:00,56120683.419
2023-07-24 05:30:00,56120778.43
2023-07-24 05:45:00,56120872.454
2023-07-24 06:00:00,56120967.698
2023-07-24 06:15:00,56121062.705
2023-07-24 06:30:00,56121155.913
2023-07-24 06:45:00,56121250.795
2023-07-24 07:00:00,56121346.941
2023-07-24 07:15:00,56121442.427
2023-07-24 07:30:00,56121539.706
2023-07-24 07:45:00,56121637.304
2023-07-24 08:00:00,56121736.139
2023-07-24 08:15:00,56121834.254
2023-07-24 08:30:00,56121932.15
2023-07-24 08:45:00,56122029.804
2023-07-24 09:00:00,56122126.581
2023-07-24 09:15:00,56122225.955
2023-07-24 09:30:00,56122323.801
2023-07-24 09:45:00,56122423.923
2023-07-24 10:00:00,56122525.998
2023-07-24 10:15:00,56122628.886
2023-07-24 10:30:00,56122732.459
2023-07-24 10:45:00,56122834.032
2023-07-24 11:00:00,56122937.446
2023-07-24 11:15:00,56123041.27
2023-07-24 11:30:00,56123146.342
2023-07-24 11:45:00,56123249.729
2023-07-24 12:00:00,56123352.806
2023-07-24 12:15:00,56123460.425
2023-07-24 12:30:00,56123565.439
2023-07-24 12:45:00,56123668.999
2023-07-24 13:00:00,56123772.215
2023-07-24 13:15:00,56123876.987
2023-07-24 13:30:00,56123982.353
2023-07-24 13:45:00,56124086.839
2023-07-24 14:00:00,56124191.446
2023-07-24 14:15:00,56124296.292
2023-07-24 14:30:00,56124400.907
2023-07-24 14:45:00,56124506.664
2023-07-24 15:00:00,56124611.331
2023-07-24 15:15:00,56124716.131
2023-07-24 15:30:00,56124819.397
2023-07-24 15:45:00,56124923.06
2023-07-24 16:00:00,56125027.911
2023-07-24 16:15:00,56125131.947
2023-07-24 16:30:00,56125235.995
2023-07-24 16:45:00,56125338.502
2023-07-24 17:00:00,56125441.132
2023-07-24 17:15:00,56125542.941
2023-07-24 17:30:00,56125644.019
2023-07-24 17:45:00,56125744.37
2023-07-24 18:00:00,56125843.935
2023-07-24 18:15:00,56125942.071
2023-07-24 18:30:00,56126040.226
2023-07-24 18:45:00,56126139.561
2023-07-24 19:00:00,56126238.305
2023-07-24 19:15:00,56126335.033
2023-07-24 19:30:00,56126431.288
2023-07-24 19:45:00,56126527.8
2023-07-24 20:00:00,56126625.145
2023-07-24 20:15:00,56126716.721
2023-07-24 20:30:00,56126807.607
2023-07-24 20:45:00,56126898.303
2023-07-24 21:00:00,56126989.408
2023-07-24 21:15:00,56127081.851
2023-07-24 21:30:00,56127173.702
2023-07-24 21:45:00,56127264.318
2023-07-24 22:00:00,56127356.285
2023-07-24 22:15:00,56127447.405
2023-07-24 22:30:00,56127538.268
2023-07-24 22:45:00,56127628.786
2023-07-24 23:00:00,56127720.517
2023-07-24 23:15:00,56127810.885
2023-07-24 23:30:00,56127901.392
2023-07-24 23:45:00,56127991.098
2023-07-25 00:00:00,56128081.559
2023-07-25 00:15:00,56128171.78
2023-07-25 00:30:00,56128261.751
2023-07-25 00:45:00,56128352.114
2023-07-25 01:00:00,56128442.62
2023-07-25 01:15:00,56128530.753
2023-07-25 01:30:00,56128621.543
2023-07-25 01:45:00,56128712.007
2023-07-25 02:00:00,56128800.495
2023-07-25 02:15:00,56128893.609
2023-07-25 02:30:00,56128990.17
2023-07-25 02:45:00,56129085.368
2023-07-25 03:00:00,56129180.052
2023-07-25 03:15:00,56129275.319
2023-07-25 03:30:00,56129371.533
2023-07-25 03:45:00,56129467.487
2023-07-25 04:00:00,56129561.189
2023-07-25 04:15:00,56129656.628
2023-07-25 04:30:00,56129751.374
2023-07-25 04:45:00,56129846.099
2023-07-25 05:00:00,56129940.197
2023-07-25 05:15:00,56130036.536
2023-07-25 05:30:00,56130130.172
2023-07-25 05:45:00,56130224.284
2023-07-25 06:00:00,56130319.808
2023-07-25 06:15:00,56130415.215
2023-07-25 06:30:00,56130509.13
2023-07-25 06:45:00,56130603.855
2023-07-25 07:00:00,56130699.795
2023-07-25 07:15:00,56130794.286
2023-07-25 07:30:00,56130890.169
2023-07-25 07:45:00,56130986.138
2023-07-25 08:00:00,56131081.645
2023-07-25 08:15:00,56131175.605
2023-07-25 08:30:00,56131270.354
2023-07-25 08:45:00,56131367.376
2023-07-25 09:00:00,56131465.601
2023-07-25 09:15:00,56131564.938
2023-07-25 09:30:00,56131665.411
2023-07-25 09:45:00,56131766.092
2023-07-25 10:00:00,56131865.582
2023-07-25 10:15:00,56131969.704
2023-07-25 10:30:00,56132073.619
2023-07-25 10:45:00,56132175.288
2023-07-25 11:00:00,56132278.56
2023-07-25 11:15:00,56132382.235
2023-07-25 11:30:00,56132486.392
2023-07-25 11:45:00,56132592.164
2023-07-25 12:00:00,56132698.166
2023-07-25 12:15:00,56132804.379
2023-07-25 12:30:00,56132908.379
2023-07-25 12:45:00,56133013.383
2023-07-25 13:00:00,56133119.06
2023-07-25 13:15:00,56133224.753
2023-07-25 13:30:00,56133330.077
2023-07-25 13:45:00,56133435.655
2023-07-25 14:00:00,56133542.757
2023-07-25 14:15:00,56133649.043
2023-07-25 14:30:00,56133755.082
2023-07-25 14:45:00,56133862.29
2023-07-25 15:00:00,56133967.803
2023-07-25 15:15:00,56134073.774
2023-07-25 15:30:00,56134179.78
2023-07-25 15:45:00,56134286.506
2023-07-25 16:00:00,56134391.038
2023-07-25 16:15:00,56134496.622
2023-07-25 16:30:00,56134601.201
2023-07-25 16:45:00,56134706.096
2023-07-25 17:00:00,56134810.271
2023-07-25 17:15:00,56134914.99
2023-07-25 17:30:00,56135017.613
2023-07-25 17:45:00,56135118.419
2023-07-25 18:00:00,56135217.814
2023-07-25 18:15:00,56135316.402
2023-07-25 18:30:00,56135415.427
2023-07-25 18:45:00,56135512.644
2023-07-25 19:00:00,56135610.481
2023-07-25 19:15:00,56135706.808
2023-07-25 19:30:00,56135803.472
2023-07-25 19:45:00,56135899.911
2023-07-25 20:00:00,56135996.104
2023-07-25 20:15:00,56136085.882
2023-07-25 20:30:00,56136176.297
2023-07-25 20:45:00,56136266.996
2023-07-25 21:00:00,56136356.214
2023-07-25 21:15:00,56136446.107
2023-07-25 21:30:00,56136536.32
2023-07-25 21:45:00,56136626.356
2023-07-25 22:00:00,56136717.626
2023-07-25 22:15:00,56136807.521
2023-07-25 22:30:00,56136899.369
2023-07-25 22:45:00,56136991.58
2023-07-25 23:00:00,56137083.781
2023-07-25 23:15:00,56137176.256
2023-07-25 23:30:00,56137266.269
2023-07-25 23:45:00,56137356.481
2023-07-26 00:00:00,56137446.43
2023-07-26 00:15:00,56137535.988
2023-07-26 00:30:00,56137626.39
2023-07-26 00:45:00,56137715.529
2023-07-26 01:00:00,56137805.951
2023-07-26 01:15:00,56137895.649
2023-07-26 01:30:00,56137985.007
2023-07-26 01:45:00,56138072.84
2023-07-26 02:00:00,56138163.149
2023-07-26 02:15:00,56138256.371
2023-07-26 02:30:00,56138350.301
2023-07-26 02:45:00,56138444.573
2023-07-26 03:00:00,56138539.531
2023-07-26 03:15:00,56138633.266
2023-07-26 03:30:00,56138728.779
2023-07-26 03:45:00,56138823.698
2023-07-26 04:00:00,56138917.979
2023-07-26 04:15:00,56139013.063
2023-07-26 04:30:00,56139108.423
2023-07-26 04:45:00,56139203.295
2023-07-26 05:00:00,56139296.152
2023-07-26 05:15:00,56139393.499
2023-07-26 05:30:00,56139487.281
2023-07-26 05:45:00,56139580.607
2023-07-26 06:00:00,56139675.498
2023-07-26 06:15:00,56139768.913
2023-07-26 06:30:00,56139863.144
2023-07-26 06:45:00,56139955.513
2023-07-26 07:00:00,56140051.862
2023-07-26 07:15:00,56140146.981
2023-07-26 07:30:00,56140244.325
2023-07-26 07:45:00,56140340.718
2023-07-26 08:00:00,56140437.195
2023-07-26 08:15:00,56140532.738
2023-07-26 08:30:00,56140629.116
2023-07-26 08:45:00,56140726.434
2023-07-26 09:00:00,56140825.227
2023-07-26 09:15:00,56140923.505
2023-07-26 09:30:00,56141023.133
2023-07-26 09:45:00,56141124.832
2023-07-26 10:00:00,56141227.028
2023-07-26 10:15:00,56141329.992
2023-07-26 10:30:00,56141430.921
2023-07-26 10:45:00,56141533.891
2023-07-26 11:00:00,56141637.62
2023-07-26 11:15:00,56141741.531
2023-07-26 11:30:00,56141846.879
2023-07-26 11:45:00,56141953.898
2023-07-26 12:00:00,56142059.187
2023-07-26 12:15:00,56142163.986
2023-07-26 12:30:00,56142269.429
2023-07-26 12:45:00,56142374.945
2023-07-26 13:00:00,56142480.787
2023-07-26 13:15:00,56142583.489
2023-07-26 13:30:00,56142687.77
2023-07-26 13:45:00,56142793.57
2023-07-26 14:00:00,56142899.146
2023-07-26 14:15:00,56143002.864
2023-07-26 14:30:00,56143108.019
2023-07-26 14:45:00,56143212.448
2023-07-26 15:00:00,56143316.671
2023-07-26 15:15:00,56143419.094
2023-07-26 15:30:00,56143521.937
2023-07-26 15:45:00,56143624.415
2023-07-26 16:00:00,56143727.67
2023-07-26 16:15:00,56143831.163
2023-07-26 16:30:00,56143933.793
2023-07-26 16:45:00,56144036.814
2023-07-26 17:00:00,56144139.257
2023-07-26 17:15:00,56144241.541
2023-07-26 17:30:00,56144342.693
2023-07-26 17:45:00,56144445.061
2023-07-26 18:00:00,56144548.024
2023-07-26 18:15:00,56144649.795
2023-07-26 18:30:00,56144751.266
2023-07-26 18:45:00,56144851.633
2023-07-26 19:00:00,56144951.823
2023-07-26 19:15:00,56145052.57
2023-07-26 19:30:00,56145153.636
2023-07-26 19:45:00,56145253.398
2023-07-26 20:00:00,56145352.937
2023-07-26 20:15:00,56145447.648
2023-07-26 20:30:00,56145542.91
2023-07-26 20:45:00,56145637.829
2023-07-26 21:00:00,56145731.521
2023-07-26 21:15:00,56145825.02
2023-07-26 21:30:00,56145917.718
2023-07-26 21:45:00,56146010.396
2023-07-26 22:00:00,56146102.812
2023-07-26 22:15:00,56146194.652
2023-07-26 22:30:00,56146286.168
2023-07-26 22:45:00,56146377.303
2023-07-26 23:00:00,56146468.839
2023-07-26 23:15:00,56146559.944
2023-07-26 23:30:00,56146650.466
2023-07-26 23:45:00,56146741.63
2023-07-27 00:00:00,56146831.953
2023-07-27 00:15:00,56146922.492
2023-07-27 00:30:00,56147013.172
2023-07-27 00:45:00,56147104.555
2023-07-27 01:00:00,56147195.03
2023-07-27 01:15:00,56147285.179
2023-07-27 01:30:00,56147377.059
2023-07-27 01:45:00,56147466.91
2023-07-27 02:00:00,56147558.678
2023-07-27 02:15:00,56147652.829
2023-07-27 02:30:00,56147749.34
2023-07-27 02:45:00,56147846.103
2023-07-27 03:00:00,56147943.041
2023-07-27 03:15:00,56148039.765
2023-07-27 03:30:00,56148136.738
2023-07-27 03:45:00,56148232.298
2023-07-27 04:00:00,56148329.885
2023-07-27 04:15:00,56148428.785
2023-07-27 04:30:00,56148525.623
2023-07-27 04:45:00,56148622.54
2023-07-27 05:00:00,56148718.022
2023-07-27 05:15:00,56148812.714
2023-07-27 05:30:00,56148909.983
2023-07-27 05:45:00,56149006.274
2023-07-27 06:00:00,56149104.149
2023-07-27 06:15:00,56149200.096
2023-07-27 06:30:00,56149294.996
2023-07-27 06:45:00,56149392.403
2023-07-27 07:00:00,56149490.298
2023-07-27 07:15:00,56149584.68
2023-07-27 07:30:00,56149683.844
2023-07-27 07:45:00,56149781.51
2023-07-27 08:00:00,56149880.214
2023-07-27 08:15:00,56149977.258
2023-07-27 08:30:00,56150074.938
2023-07-27 08:45:00,56150173.579
2023-07-27 09:00:00,56150272.904
2023-07-27 09:15:00,56150372.623
2023-07-27 09:30:00,56150471.771
2023-07-27 09:45:00,56150573.425
2023-07-27 10:00:00,56150676.819
2023-07-27 10:15:00,56150778.468
2023-07-27 10:30:00,56150881.37
2023-07-27 10:45:00,56150984.826
2023-07-27 11:00:00,56151090.219
2023-07-27 11:15:00,56151194.538
2023-07-27 11:30:00,56151300.442
2023-07-27 11:45:00,56151403.754
2023-07-27 12:00:00,56151507.573
2023-07-27 12:15:00,56151613.176
2023-07-27 12:30:00,56151717.775
2023-07-27 12:45:00,56151821.068
2023-07-27 13:00:00,56151926.011
2023-07-27 13:15:00,56152032.857
2023-07-27 13:30:00,56152136.085
2023-07-27 13:45:00,56152241.128
2023-07-27 14:00:00,56152346.256
2023-07-27 14:15:00,56152450.961
2023-07-27 14:30:00,56152552.864
2023-07-27 14:45:00,56152655.888
2023-07-27 15:00:00,56152759.994
2023-07-27 15:15:00,56152864.117
2023-07-27 15:30:00,56152968.972
2023-07-27 15:45:00,56153071.901
2023-07-27 16:00:00,56153175.768
2023-07-27 16:15:00,56153280.141
2023-07-27 16:30:00,56153384.524
2023-07-27 16:45:00,56153488.263
2023-07-27 17:00:00,56153591.649
2023-07-27 17:15:00,56153694.399
2023-07-27 17:30:00,56153797.973
2023-07-27 17:45:00,56153899.797
2023-07-27 18:00:00,56154002.473
2023-07-27 18:15:00,56154102.694
2023-07-27 18:30:00,56154205.434
2023-07-27 18:45:00,56154308.093
2023-07-27 19:00:00,56154410.985
2023-07-27 19:15:00,56154513.458
2023-07-27 19:30:00,56154613.569
2023-07-27 19:45:00,56154715.96
2023-07-27 20:00:00,56154817.901
2023-07-27 20:15:00,56154914.587
2023-07-27 20:30:00,56155010.467
2023-07-27 20:45:00,56155106.396
2023-07-27 21:00:00,56155201.927
2023-07-27 21:15:00,56155296.573
2023-07-27 21:30:00,56155389.744
2023-07-27 21:45:00,56155481.73
2023-07-27 22:00:00,56155573.552
2023-07-27 22:15:00,56155664.38
2023-07-27 22:30:00,56155755.536
2023-07-27 22:45:00,56155845.188
2023-07-27 23:00:00,56155934.243
2023-07-27 23:15:00,56156024.479
2023-07-27 23:30:00,56156113.77
2023-07-27 23:45:00,56156206.097
2023-07-28 00:00:00,56156297.778
2023-07-28 00:15:00,56156389.739
2023-07-28 00:30:00,56156481.32
2023-07-28 00:45:00,56156572.893
2023-07-28 01:00:00,56156661.583
2023-07-28 01:15:00,56156750.458
2023-07-28 01:30:00,56156838.703
2023-07-28 01:45:00,56156926.54
2023-07-28 02:00:00,56157014.348
2023-07-28 02:15:00,56157107.112
2023-07-28 02:30:00,56157201.354
2023-07-28 02:45:00,56157294.958
2023-07-28 03:00:00,56157388.676
2023-07-28 03:15:00,56157485.347
2023-07-28 03:30:00,56157581.713
2023-07-28 03:45:00,56157677.84
2023-07-28 04:00:00,56157775.053
2023-07-28 04:15:00,56157870.359
2023-07-28 04:30:00,56157963.587
2023-07-28 04:45:00,56158058.335
2023-07-28 05:00:00,56158151.659
2023-07-28 05:15:00,56158242.475
2023-07-28 05:30:00,56158336.101
2023-07-28 05:45:00,56158429.757
2023-07-28 06:00:00,56158524.179
2023-07-28 06:15:00,56158617.429
2023-07-28 06:30:00,56158710.238
2023-07-28 06:45:00,56158806.233
2023-07-28 07:00:00,56158902.364
2023-07-28 07:15:00,56158997.188
2023-07-28 07:30:00,56159094.212
2023-07-28 07:45:00,56159191.971
2023-07-28 08:00:00,56159288.77
2023-07-28 08:15:00,56159384.578
2023-07-28 08:30:00,56159480.873
2023-07-28 08:45:00,56159577.062
2023-07-28 09:00:00,56159674.594
2023-07-28 09:15:00,56159773.452
2023-07-28 09:30:00,56159872.688
2023-07-28 09:45:00,56159973.264
2023-07-28 10:00:00,56160074.841
2023-07-28 10:15:00,56160177.302
2023-07-28 10:30:00,56160282.601
2023-07-28 10:45:00,56160387.163
2023-07-28 11:00:00,56160494.201
2023-07-28 11:15:00,56160599.489
2023-07-28 11:30:00,56160702.279
2023-07-28 11:45:00,56160803.88
2023-07-28 12:00:00,56160905.737
2023-07-28 12:15:00,56161007.893
2023-07-28 12:30:00,56161110.009
2023-07-28 12:45:00,56161213.9
2023-07-28 13:00:00,56161314.492
2023-07-28 13:15:00,56161416.69
2023-07-28 13:30:00,56161518.963
2023-07-28 13:45:00,56161621.955
2023-07-28 14:00:00,56161726.52
2023-07-28 14:15:00,56161830.612
2023-07-28 14:30:00,56161934.066
2023-07-28 14:45:00,56162037.879
2023-07-28 15:00:00,56162144.113
2023-07-28 15:15:00,56162247.613
2023-07-28 15:30:00,56162347.533
2023-07-28 15:45:00,56162448.547
2023-07-28 16:00:00,56162549.184
2023-07-28 16:15:00,56162650.86
2023-07-28 16:30:00,56162750.224
2023-07-28 16:45:00,56162851.078
2023-07-28 17:00:00,56162951.677
2023-07-28 17:15:00,56163049.948
2023-07-28 17:30:00,56163152.229
2023-07-28 17:45:00,56163253.089
2023-07-28 18:00:00,56163354.391
2023-07-28 18:15:00,56163453.161
2023-07-28 18:30:00,56163551.304
2023-07-28 18:45:00,56163649.192
2023-07-28 19:00:00,56163744.636
2023-07-28 19:15:00,56163840.924
2023-07-28 19:30:00,56163936.322
2023-07-28 19:45:00,56164031.004
2023-07-28 20:00:00,56164125.524
2023-07-28 20:15:00,56164217.484
2023-07-28 20:30:00,56164308.414
2023-07-28 20:45:00,56164399.295
2023-07-28 21:00:00,56164491.817
2023-07-28 21:15:00,56164584.209
2023-07-28 21:30:00,56164676.489
2023-07-28 21:45:00,56164768.872
2023-07-28 22:00:00,56164860.863
2023-07-28 22:15:00,56164954.734
2023-07-28 22:30:00,56165047.784
2023-07-28 22:45:00,56165140.721
2023-07-28 23:00:00,56165232.224
2023-07-28 23:15:00,56165326.253
2023-07-28 23:30:00,56165419.213
2023-07-28 23:45:00,56165512.474
2023-07-29 00:00:00,56165604.631
2023-07-29 00:15:00,56165697.848
2023-07-29 00:30:00,56165790.862
2023-07-29 00:45:00,56165883.172
2023-07-29 01:00:00,56165975.206
2023-07-29 01:15:00,56166065.243
2023-07-29 01:30:00,56166155.876
2023-07-29 01:45:00,56166247.449
2023-07-29 02:00:00,56166337.609
2023-07-29 02:15:00,56166428.102
2023-07-29 02:30:00,56166518.909
2023-07-29 02:45:00,56166608.995
2023-07-29 03:00:00,56166700.169
2023-07-29 03:15:00,56166789.218
2023-07-29 03:30:00,56166879.294
2023-07-29 03:45:00,56166969.212
2023-07-29 04:00:00,56167058.726
2023-07-29 04:15:00,56167147.911
2023-07-29 04:30:00,56167236.678
2023-07-29 04:45:00,56167325.28
2023-07-29 05:00:00,56167415.811
2023-07-29 05:15:00,56167509.887
2023-07-29 05:30:00,56167601.519
2023-07-29 05:45:00,56167695.952
2023-07-29 06:00:00,56167790.442
2023-07-29 06:15:00,56167884.322
2023-07-29 06:30:00,56167976.332
2023-07-29 06:45:00,56168069.548
2023-07-29 07:00:00,56168162.16
2023-07-29 07:15:00,56168258.924
2023-07-29 07:30:00,56168357.809
2023-07-29 07:45:00,56168455.708
2023-07-29 08:00:00,56168554.101
2023-07-29 08:15:00,56168652.544
2023-07-29 08:30:00,56168751.346
2023-07-29 08:45:00,56168852.077
2023-07-29 09:00:00,56168952.607
2023-07-29 09:15:00,56169051.82
2023-07-29 09:30:00,56169151.446
2023-07-29 09:45:00,56169251.884
2023-07-29 10:00:00,56169350.433
2023-07-29 10:15:00,56169448.468
2023-07-29 10:30:00,56169546.269
2023-07-29 10:45:00,56169642.319
2023-07-29 11:00:00,56169737.862
2023-07-29 11:15:00,56169835.067
2023-07-29 11:30:00,56169931.03
2023-07-29 11:45:00,56170026.732
2023-07-29 12:00:00,56170122.909
2023-07-29 12:15:00,56170220.51
2023-07-29 12:30:00,56170316.787
2023-07-29 12:45:00,56170415.647
2023-07-29 13:00:00,56170513.854
2023-07-29 13:15:00,56170613.147
2023-07-29 13:30:00,56170711.495
2023-07-29 13:45:00,56170811.032
2023-07-29 14:00:00,56170909.379
2023-07-29 14:15:00,56171006.757
2023-07-29 14:30:00,56171105.553
2023-07-29 14:45:00,56171202.585
2023-07-29 15:00:00,56171299.802
2023-07-29 15:15:00,56171396.874
2023-07-29 15:30:00,56171494.954
2023-07-29 15:45:00,56171590.966
2023-07-29 16:00:00,56171687.703
2023-07-29 16:15:00,56171787.166
2023-07-29 16:30:00,56171886.27
2023-07-29 16:45:00,56171983.4
2023-07-29 17:00:00,56172079.24
2023-07-29 17:15:00,56172172.483
2023-07-29 17:30:00,56172265.343
2023-07-29 17:45:00,56172356.979
2023-07-29 18:00:00,56172449.954
2023-07-29 18:15:00,56172540.801
2023-07-29 18:30:00,56172633.511
2023-07-29 18:45:00,56172724.167
2023-07-29 19:00:00,56172815.901
2023-07-29 19:15:00,56172906.076
2023-07-29 19:30:00,56172998.03
2023-07-29 19:45:00,56173091.017
2023-07-29 20:00:00,56173181.711
2023-07-29 20:15:00,56173268.387
2023-07-29 20:30:00,56173353.244
2023-07-29 20:45:00,56173437.96
2023-07-29 21:00:00,56173521.085
2023-07-29 21:15:00,56173604.5
2023-07-29 21:30:00,56173688.607
2023-07-29 21:45:00,56173774.024
2023-07-29 22:00:00,56173857.606
2023-07-29 22:15:00,56173940.076
2023-07-29 22:30:00,56174024.183
2023-07-29 22:45:00,56174109.626
2023-07-29 23:00:00,56174196.042
2023-07-29 23:15:00,56174280.278
2023-07-29 23:30:00,56174364.971
2023-07-29 23:45:00,56174448.823
2023-07-30 00:00:00,56174531.858
2023-07-30 00:15:00,56174616.13
2023-07-30 00:30:00,56174699.521
2023-07-30 00:45:00,56174781.783
2023-07-30 01:00:00,56174865.842
2023-07-30 01:15:00,56174950.594
2023-07-30 01:30:00,56175035.447
2023-07-30 01:45:00,56175120.201
2023-07-30 02:00:00,56175207.012
2023-07-30 02:15:00,56175292.921
2023-07-30 02:30:00,56175379.873
2023-07-30 02:45:00,56175465.485
2023-07-30 03:00:00,56175550.895
2023-07-30 03:15:00,56175633.865
2023-07-30 03:30:00,56175717.907
2023-07-30 03:45:00,56175801.966
2023-07-30 04:00:00,56175886.382
2023-07-30 04:15:00,56175969.072
2023-07-30 04:30:00,56176053.08
2023-07-30 04:45:00,56176136.495
2023-07-30 05:00:00,56176220.23
2023-07-30 05:15:00,56176309.918
2023-07-30 05:30:00,56176404.177
2023-07-30 05:45:00,56176495.259
2023-07-30 06:00:00,56176587.063
2023-07-30 06:15:00,56176676.865
2023-07-30 06:30:00,56176766.374
2023-07-30 06:45:00,56176855.32
2023-07-30 07:00:00,56176945.535
2023-07-30 07:15:00,56177034.262
2023-07-30 07:30:00,56177123.9
2023-07-30 07:45:00,56177214.222
2023-07-30 08:00:00,56177305.527
2023-07-30 08:15:00,56177395.46
2023-07-30 08:30:00,56177485.426
2023-07-30 08:45:00,56177578.599
2023-07-30 09:00:00,56177672.007
2023-07-30 09:15:00,56177764.142
2023-07-30 09:30:00,56177856.214
2023-07-30 09:45:00,56177949.596
2023-07-30 10:00:00,56178041.016
2023-07-30 10:15:00,56178134.256
2023-07-30 10:30:00,56178227.354
2023-07-30 10:45:00,56178321.242
2023-07-30 11:00:00,56178413.002
2023-07-30 11:15:00,56178506.605
2023-07-30 11:30:00,56178599.886
2023-07-30 11:45:00,56178694.326
2023-07-30 12:00:00,56178788.614
2023-07-30 12:15:00,56178882.816
2023-07-30 12:30:00,56178976.566
2023-07-30 12:45:00,56179071.796
2023-07-30 13:00:00,56179166.84
2023-07-30 13:15:00,56179260.734
2023-07-30 13:30:00,56179356.391
2023-07-30 13:45:00,56179450.161
2023-07-30 14:00:00,56179544.621
2023-07-30 14:15:00,56179637.833
2023-07-30 14:30:00,56179733.17
2023-07-30 14:45:00,56179825.625
2023-07-30 15:00:00,56179921.382
2023-07-30 15:15:00,56180015.63
2023-07-30 15:30:00,56180108.608
2023-07-30 15:45:00,56180202.549
2023-07-30 16:00:00,56180297.274
2023-07-30 16:15:00,56180392.476
2023-07-30 16:30:00,56180487.088
2023-07-30 16:45:00,56180581.363
2023-07-30 17:00:00,56180677.265
2023-07-30 17:15:00,56180771.757
2023-07-30 17:30:00,56180867.182
2023-07-30 17:45:00,56180963.202
2023-07-30 18:00:00,56181057.841
2023-07-30 18:15:00,56181151.051
2023-07-30 18:30:00,56181244.88
2023-07-30 18:45:00,56181338.837
2023-07-30 19:00:00,56181433.92
2023-07-30 19:15:00,56181526.592
2023-07-30 19:30:00,56181619.242
2023-07-30 19:45:00,56181712.399
2023-07-30 20:00:00,56181804.735
2023-07-30 20:15:00,56181892.629
2023-07-30 20:30:00,56181979.974
2023-07-30 20:45:00,56182066.302
2023-07-30 21:00:00,56182152.883
2023-07-30 21:15:00,56182240.392
2023-07-30 21:30:00,56182326.815
2023-07-30 21:45:00,56182412.583
2023-07-30 22:00:00,56182498.556
2023-07-30 22:15:00,56182581.319
2023-07-30 22:30:00,56182666.054
2023-07-30 22:45:00,56182749.842
2023-07-30 23:00:00,56182833.527
2023-07-30 23:15:00,56182915.07
2023-07-30 23:30:00,56182999.478
2023-07-30 23:45:00,56183081.452
2023-07-31 00:00:00,56183167.557
2023-07-31 00:15:00,56183251.727
2023-07-31 00:30:00,56183336.58
2023-07-31 00:45:00,56183420.588
2023-07-31 01:00:00,56183505.796
2023-07-31 01:15:00,56183587.293
2023-07-31 01:30:00,56183669.237
2023-07-31 01:45:00,56183752.363
2023-07-31 02:00:00,56183836.376
2023-07-31 02:15:00,56183921.904
2023-07-31 02:30:00,56184009.561
2023-07-31 02:45:00,56184098.514
2023-07-31 03:00:00,56184189.403
2023-07-31 03:15:00,56184280.987
2023-07-31 03:30:00,56184373.735
2023-07-31 03:45:00,56184464.36
2023-07-31 04:00:00,56184552.901
2023-07-31 04:15:00,56184639.998
2023-07-31 04:30:00,56184727.211
2023-07-31 04:45:00,56184814.219
2023-07-31 05:00:00,56184901.785
2023-07-31 05:15:00,56184988.658
2023-07-31 05:30:00,56185077.378
2023-07-31 05:45:00,56185164.691
2023-07-31 06:00:00,56185254.421
2023-07-31 06:15:00,56185343.381
2023-07-31 06:30:00,56185432.681
2023-07-31 06:45:00,56185522.711
2023-07-31 07:00:00,56185611.184
2023-07-31 07:15:00,56185699.259
2023-07-31 07:30:00,56185787.535
2023-07-31 07:45:00,56185875.784
2023-07-31 08:00:00,56185964.689
2023-07-31 08:15:00,56186054.01
2023-07-31 08:30:00,56186143.594
2023-07-31 08:45:00,56186233.502
2023-07-31 09:00:00,56186324.935
2023-07-31 09:15:00,56186420.306
2023-07-31 09:30:00,56186516.815
2023-07-31 09:45:00,56186613.117
2023-07-31 10:00:00,56186707.689
2023-07-31 10:15:00,56186800.971
2023-07-31 10:30:00,56186894.736
2023-07-31 10:45:00,56186957.97
2023-07-31 11:00:00,56187009.116
2023-07-31 11:15:00,56187078.56
2023-07-31 11:30:00,56187176.145
2023-07-31 11:45:00,56187275.653
2023-07-31 12:00:00,56187374.822
2023-07-31 12:15:00,56187475.322
2023-07-31 12:30:00,56187575.376
2023-07-31 12:45:00,56187676.053
2023-07-31 13:00:00,56187780.62
2023-07-31 13:15:00,56187883.052
2023-07-31 13:30:00,56187984.052
2023-07-31 13:45:00,56188085.918
2023-07-31 14:00:00,56188186.102
2023-07-31 14:15:00,56188287.93
2023-07-31 14:30:00,56188390.73
2023-07-31 14:45:00,56188491.565
2023-07-31 15:00:00,56188593.355
2023-07-31 15:15:00,56188693.762
2023-07-31 15:30:00,56188794.245
2023-07-31 15:45:00,56188894.288
2023-07-31 16:00:00,56188992.942
2023-07-31 16:15:00,56189092.233
2023-07-31 16:30:00,56189192.692
2023-07-31 16:45:00,56189291.418
2023-07-31 17:00:00,56189389.568
2023-07-31 17:15:00,56189487.588
2023-07-31 17:30:00,56189584.464
2023-07-31 17:45:00,56189682.428
2023-07-31 18:00:00,56189780.224
2023-07-31 18:15:00,56189876.781
2023-07-31 18:30:00,56189972.013
2023-07-31 18:45:00,56190069.074
2023-07-31 19:00:00,56190165.313
2023-07-31 19:15:00,56190260.17
2023-07-31 19:30:00,56190354.576
2023-07-31 19:45:00,56190448.85
2023-07-31 20:00:00,56190543.377
2023-07-31 20:15:00,56190632.837
2023-07-31 20:30:00,56190721.491
2023-07-31 20:45:00,56190809.568
2023-07-31 21:00:00,56190898.24
2023-07-31 21:15:00,56190985.702
2023-07-31 21:30:00,56191075.838
2023-07-31 21:45:00,56191164.141
2023-07-31 22:00:00,56191250.106
2023-07-31 22:15:00,56191337.905
2023-07-31 22:30:00,56191426.7
2023-07-31 22:45:00,56191513.729
2023-07-31 23:00:00,56191600.198
2023-07-31 23:15:00,56191688.724
2023-07-31 23:30:00,56191775.446
2023-07-31 23:45:00,56191862.286
2023-08-01 00:00:00,56191948.757
2023-08-01 00:15:00,56192036.423
2023-08-01 00:30:00,56192124.108
2023-08-01 00:45:00,56192210.574
2023-08-01 01:00:00,56192298.707
2023-08-01 01:15:00,56192385.038
2023-08-01 01:30:00,56192471.824
2023-08-01 01:45:00,56192559.052
2023-08-01 02:00:00,56192645.579
2023-08-01 02:15:00,56192736.53
2023-08-01 02:30:00,56192830.641
2023-08-01 02:45:00,56192923.143
2023-08-01 03:00:00,56193014.999
2023-08-01 03:15:00,56193107.09
2023-08-01 03:30:00,56193199.441
2023-08-01 03:45:00,56193291.789
2023-08-01 04:00:00,56193382.71
2023-08-01 04:15:00,56193474.749
2023-08-01 04:30:00,56193566.336
2023-08-01 04:45:00,56193657.843
2023-08-01 05:00:00,56193749.89
2023-08-01 05:15:00,56193840.473
2023-08-01 05:30:00,56193932.607
2023-08-01 05:45:00,56194024.753
2023-08-01 06:00:00,56194117.316
2023-08-01 06:15:00,56194208.224
2023-08-01 06:30:00,56194299.011
2023-08-01 06:45:00,56194391.397
2023-08-01 07:00:00,56194483.404
2023-08-01 07:15:00,56194576.445
2023-08-01 07:30:00,56194669.445
2023-08-01 07:45:00,56194760.555
2023-08-01 08:00:00,56194853.249
2023-08-01 08:15:00,56194946.169
2023-08-01 08:30:00,56195040.106
2023-08-01 08:45:00,56195132.096
2023-08-01 09:00:00,56195227.247
2023-08-01 09:15:00,56195321.463
2023-08-01 09:30:00,56195416.184
2023-08-01 09:45:00,56195512.741
2023-08-01 10:00:00,56195609.631
2023-08-01 10:15:00,56195706.906
2023-08-01 10:30:00,56195804.262
2023-08-01 10:45:00,56195903.339
2023-08-01 11:00:00,56196004.336
2023-08-01 11:15:00,56196104.731
2023-08-01 11:30:00,56196204.035
2023-08-01 11:45:00,56196305.38
2023-08-01 12:00:00,56196405.061
2023-08-01 12:15:00,56196504.745
2023-08-01 12:30:00,56196606.062
2023-08-01 12:45:00,56196708.544
2023-08-01 13:00:00,56196809.711
2023-08-01 13:15:00,56196910.768
2023-08-01 13:30:00,56197011.598
2023-08-01 13:45:00,56197113.593
2023-08-01 14:00:00,56197215.172
2023-08-01 14:15:00,56197317.864
2023-08-01 14:30:00,56197420.41
2023-08-01 14:45:00,56197521.095
2023-08-01 15:00:00,56197623.911
2023-08-01 15:15:00,56197725.212
2023-08-01 15:30:00,56197823.887
2023-08-01 15:45:00,56197922.974
2023-08-01 16:00:00,56198021.646
2023-08-01 16:15:00,56198119.864
2023-08-01 16:30:00,56198218.272
2023-08-01 16:45:00,56198315.65
2023-08-01 17:00:00,56198411.447
2023-08-01 17:15:00,56198507.418
2023-08-01 17:30:00,56198602.424
2023-08-01 17:45:00,56198698.764
2023-08-01 18:00:00,56198794.53
2023-08-01 18:15:00,56198889.588
2023-08-01 18:30:00,56198984.738
2023-08-01 18:45:00,56199079.764
2023-08-01 19:00:00,56199173.385
2023-08-01 19:15:00,56199266.657
2023-08-01 19:30:00,56199360.446
2023-08-01 19:45:00,56199453.681
2023-08-01 20:00:00,56199546.039
2023-08-01 20:15:00,56199633.628
2023-08-01 20:30:00,56199721.447
2023-08-01 20:45:00,56199808.713
2023-08-01 21:00:00,56199896.645
2023-08-01 21:15:00,56199982.242
2023-08-01 21:30:00,56200067.711
2023-08-01 21:45:00,56200153.817
2023-08-01 22:00:00,56200240.646
2023-08-01 22:15:00,56200324.875
2023-08-01 22:30:00,56200410.24
2023-08-01 22:45:00,56200494.64
2023-08-01 23:00:00,56200580.667
2023-08-01 23:15:00,56200666.072
2023-08-01 23:30:00,56200751.739
2023-08-01 23:45:00,56200837.123
2023-08-02 00:00:00,56200922.96
2023-08-02 00:15:00,56201007.733
2023-08-02 00:30:00,56201093.887
2023-08-02 00:45:00,56201178.047
2023-08-02 01:00:00,56201262.685
2023-08-02 01:15:00,56201347.711
2023-08-02 01:30:00,56201433.209
2023-08-02 01:45:00,56201517.688
2023-08-02 02:00:00,56201604.165
2023-08-02 02:15:00,56201690.024
2023-08-02 02:30:00,56201780.799
2023-08-02 02:45:00,56201871.439
2023-08-02 03:00:00,56201962
2023-08-02 03:15:00,56202053.813
2023-08-02 03:30:00,56202144.319
2023-08-02 03:45:00,56202235.096
2023-08-02 04:00:00,56202326.074
2023-08-02 04:15:00,56202415.548
2023-08-02 04:30:00,56202506.157
2023-08-02 04:45:00,56202597.09
2023-08-02 05:00:00,56202688.277
2023-08-02 05:15:00,56202778.55
2023-08-02 05:30:00,56202868.399
2023-08-02 05:45:00,56202958.764
2023-08-02 06:00:00,56203049.502
2023-08-02 06:15:00,56203137.836
2023-08-02 06:30:00,56203225.841
2023-08-02 06:45:00,56203314.857
2023-08-02 07:00:00,56203402.832
2023-08-02 07:15:00,56203491.448
2023-08-02 07:30:00,56203581.324
2023-08-02 07:45:00,56203670.821
2023-08-02 08:00:00,56203760.92
2023-08-02 08:15:00,56203851.839
2023-08-02 08:30:00,56203943.162
2023-08-02 08:45:00,56204035.092
2023-08-02 09:00:00,56204127.648
2023-08-02 09:15:00,56204220.335
2023-08-02 09:30:00,56204313.611
2023-08-02 09:45:00,56204406.464
2023-08-02 10:00:00,56204499.586
2023-08-02 10:15:00,56204593.294
2023-08-02 10:30:00,56204688.309
2023-08-02 10:45:00,56204784.076
2023-08-02 11:00:00,56204880.63
2023-08-02 11:15:00,56204976.018
2023-08-02 11:30:00,56205071.51
2023-08-02 11:45:00,56205168.564
2023-08-02 12:00:00,56205267.532
2023-08-02 12:15:00,56205365.797
2023-08-02 12:30:00,56205463.808
2023-08-02 12:45:00,56205561.685
2023-08-02 13:00:00,56205660.371
2023-08-02 13:15:00,56205758.392
2023-08-02 13:30:00,56205857.71
2023-08-02 13:45:00,56205956.35
2023-08-02 14:00:00,56206054.607
2023-08-02 14:15:00,56206151.943
2023-08-02 14:30:00,56206250.656
2023-08-02 14:45:00,56206347.079
2023-08-02 15:00:00,56206445.302
2023-08-02 15:15:00,56206542.841
2023-08-02 15:30:00,56206640.229
2023-08-02 15:45:00,56206738.729
2023-08-02 16:00:00,56206836.302
2023-08-02 16:15:00,56206934.647
2023-08-02 16:30:00,56207033.372
2023-08-02 16:45:00,56207131.183
2023-08-02 17:00:00,56207227.918
2023-08-02 17:15:00,56207324.431
2023-08-02 17:30:00,56207421.146
2023-08-02 17:45:00,56207518.158
2023-08-02 18:00:00,56207612.358
2023-08-02 18:15:00,56207708.28
2023-08-02 18:30:00,56207800.132
2023-08-02 18:45:00,56207894.671
2023-08-02 19:00:00,56207988.404
2023-08-02 19:15:00,56208080.886
2023-08-02 19:30:00,56208172.599
2023-08-02 19:45:00,56208264.735
2023-08-02 20:00:00,56208358.01
2023-08-02 20:15:00,56208445.137
2023-08-02 20:30:00,56208531.881
2023-08-02 20:45:00,56208618.031
2023-08-02 21:00:00,56208705.429
2023-08-02 21:15:00,56208792.051
2023-08-02 21:30:00,56208877.774
2023-08-02 21:45:00,56208964.358
2023-08-02 22:00:00,56209049.791
2023-08-02 22:15:00,56209134.494
2023-08-02 22:30:00,56209219.033
2023-08-02 22:45:00,56209304.787
2023-08-02 23:00:00,56209391.211
2023-08-02 23:15:00,56209476.825
2023-08-02 23:30:00,56209562.803
2023-08-02 23:45:00,56209648.598
2023-08-03 00:00:00,56209732.408
2023-08-03 00:15:00,56209818.507
2023-08-03 00:30:00,56209902.887
2023-08-03 00:45:00,56209987.302
2023-08-03 01:00:00,56210071.158
2023-08-03 01:15:00,56210155.865
2023-08-03 01:30:00,56210240.208
2023-08-03 01:45:00,56210324.319
2023-08-03 02:00:00,56210408.193
2023-08-03 02:15:00,56210497.128
2023-08-03 02:30:00,56210588.533
2023-08-03 02:45:00,56210679.175
2023-08-03 03:00:00,56210769.216
2023-08-03 03:15:00,56210859.063
2023-08-03 03:30:00,56210948.195
2023-08-03 03:45:00,56211038.432
2023-08-03 04:00:00,56211128.038
2023-08-03 04:15:00,56211217.59
2023-08-03 04:30:00,56211307.345
2023-08-03 04:45:00,56211396.444
2023-08-03 05:00:00,56211486.2
2023-08-03 05:15:00,56211575.506
2023-08-03 05:30:00,56211664.991
2023-08-03 05:45:00,56211754.807
2023-08-03 06:00:00,56211845.03
2023-08-03 06:15:00,56211934.532
2023-08-03 06:30:00,56212024.891
2023-08-03 06:45:00,56212114.733
2023-08-03 07:00:00,56212204.17
2023-08-03 07:15:00,56212293.828
2023-08-03 07:30:00,56212386.21
2023-08-03 07:45:00,56212476.892
2023-08-03 08:00:00,56212568.992
2023-08-03 08:15:00,56212660.478
2023-08-03 08:30:00,56212751.053
2023-08-03 08:45:00,56212844.49
2023-08-03 09:00:00,56212937.998
2023-08-03 09:15:00,56213033.06
2023-08-03 09:30:00,56213127.778
2023-08-03 09:45:00,56213222.682
2023-08-03 10:00:00,56213319.461
2023-08-03 10:15:00,56213416.39
2023-08-03 10:30:00,56213512.212
2023-08-03 10:45:00,56213610.209
2023-08-03 11:00:00,56213706.629
2023-08-03 11:15:00,56213805.192
2023-08-03 11:30:00,56213903.827
2023-08-03 11:45:00,56214002.47
2023-08-03 12:00:00,56214101.302
2023-08-03 12:15:00,56214200.099
2023-08-03 12:30:00,56214297.204
2023-08-03 12:45:00,56214394.272
2023-08-03 13:00:00,56214491.409
2023-08-03 13:15:00,56214589.288
2023-08-03 13:30:00,56214690.504
2023-08-03 13:45:00,56214790.405
2023-08-03 14:00:00,56214890.138
2023-08-03 14:15:00,56214991.486
2023-08-03 14:30:00,56215092.955
2023-08-03 14:45:00,56215191.493
2023-08-03 15:00:00,56215291.718
2023-08-03 15:15:00,56215389.996
2023-08-03 15:30:00,56215487.04
2023-08-03 15:45:00,56215583.272
2023-08-03 16:00:00,56215679.148
2023-08-03 16:15:00,56215776.387
2023-08-03 16:30:00,56215874.562
2023-08-03 16:45:00,56215970.921
2023-08-03 17:00:00,56216067.568
2023-08-03 17:15:00,56216166.078
2023-08-03 17:30:00,56216260.904
2023-08-03 17:45:00,56216356.331
2023-08-03 18:00:00,56216454.379
2023-08-03 18:15:00,56216551.32
2023-08-03 18:30:00,56216647.391
2023-08-03 18:45:00,56216743.947
2023-08-03 19:00:00,56216840.438
2023-08-03 19:15:00,56216933.946
2023-08-03 19:30:00,56217027.873
2023-08-03 19:45:00,56217121.163
2023-08-03 20:00:00,56217214.269
2023-08-03 20:15:00,56217300.665
2023-08-03 20:30:00,56217387.156
2023-08-03 20:45:00,56217475.136
2023-08-03 21:00:00,56217560.91
2023-08-03 21:15:00,56217647.18
2023-08-03 21:30:00,56217734.321
2023-08-03 21:45:00,56217821.222
2023-08-03 22:00:00,56217906.883
2023-08-03 22:15:00,56217994.594
2023-08-03 22:30:00,56218080.772
2023-08-03 22:45:00,56218167.963
2023-08-03 23:00:00,56218255.046
2023-08-03 23:15:00,56218341.228
2023-08-03 23:30:00,56218427.542
2023-08-03 23:45:00,56218512.618
2023-08-04 00:00:00,56218599.628
2023-08-04 00:15:00,56218685.015
2023-08-04 00:30:00,56218770.477
2023-08-04 00:45:00,56218856.491
2023-08-04 01:00:00,56218943.144
2023-08-04 01:15:00,56219028.209
2023-08-04 01:30:00,56219113.426
2023-08-04 01:45:00,56219199.37
2023-08-04 02:00:00,56219285.4
2023-08-04 02:15:00,56219374.939
2023-08-04 02:30:00,56219465.308
2023-08-04 02:45:00,56219555.534
2023-08-04 03:00:00,56219646.41
2023-08-04 03:15:00,56219737.883
2023-08-04 03:30:00,56219827.896
2023-08-04 03:45:00,56219917.83
2023-08-04 04:00:00,56220006.365
2023-08-04 04:15:00,56220096.034
2023-08-04 04:30:00,56220186.951
2023-08-04 04:45:00,56220275.832
2023-08-04 05:00:00,56220366.384
2023-08-04 05:15:00,56220454.766
2023-08-04 05:30:00,56220544.593
2023-08-04 05:45:00,56220633.855
2023-08-04 06:00:00,56220722.395
2023-08-04 06:15:00,56220812.276
2023-08-04 06:30:00,56220899.802
2023-08-04 06:45:00,56220989.675
2023-08-04 07:00:00,56221080.358
2023-08-04 07:15:00,56221170.654
2023-08-04 07:30:00,56221260.451
2023-08-04 07:45:00,56221348.609
2023-08-04 08:00:00,56221439.125
2023-08-04 08:15:00,56221528.713
2023-08-04 08:30:00,56221618.865
2023-08-04 08:45:00,56221709.572
2023-08-04 09:00:00,56221801.272
2023-08-04 09:15:00,56221892.037
2023-08-04 09:30:00,56221983.671
2023-08-04 09:45:00,56222075.753
2023-08-04 10:00:00,56222167.299
2023-08-04 10:15:00,56222261.757
2023-08-04 10:30:00,56222356.706
2023-08-04 10:45:00,56222451.274
2023-08-04 11:00:00,56222548.225
2023-08-04 11:15:00,56222646.279
2023-08-04 11:30:00,56222746.156
2023-08-04 11:45:00,56222844.841
2023-08-04 12:00:00,56222941.776
2023-08-04 12:15:00,56223038.474
2023-08-04 12:30:00,56223135.548
2023-08-04 12:45:00,56223232.841
2023-08-04 13:00:00,56223331.315
2023-08-04 13:15:00,56223429.554
2023-08-04 13:30:00,56223527.712
2023-08-04 13:45:00,56223625.301
2023-08-04 14:00:00,56223722.876
2023-08-04 14:15:00,56223821.47
2023-08-04 14:30:00,56223919.357
2023-08-04 14:45:00,56224018.063
2023-08-04 15:00:00,56224115.548
2023-08-04 15:15:00,56224213.946
2023-08-04 15:30:00,56224313.612
2023-08-04 15:45:00,56224412.921
2023-08-04 16:00:00,56224511.016
2023-08-04 16:15:00,56224607.306
2023-08-04 16:30:00,56224703.225
2023-08-04 16:45:00,56224799.112
2023-08-04 17:00:00,56224894.852
2023-08-04 17:15:00,56224988.152
2023-08-04 17:30:00,56225081.101
2023-08-04 17:45:00,56225172.514
2023-08-04 18:00:00,56225265.287
2023-08-04 18:15:00,56225357.07
2023-08-04 18:30:00,56225447.98
2023-08-04 18:45:00,56225540.554
2023-08-04 19:00:00,56225633.868
2023-08-04 19:15:00,56225726.821
2023-08-04 19:30:00,56225820.37
2023-08-04 19:45:00,56225913.591
2023-08-04 20:00:00,56226007.99
2023-08-04 20:15:00,56226096.354
2023-08-04 20:30:00,56226184.553
2023-08-04 20:45:00,56226270.41
2023-08-04 21:00:00,56226356.663
2023-08-04 21:15:00,56226441.622
2023-08-04 21:30:00,56226526.111
2023-08-04 21:45:00,56226610.47
2023-08-04 22:00:00,56226693.507
2023-08-04 22:15:00,56226778.542
2023-08-04 22:30:00,56226863.007
2023-08-04 22:45:00,56226945.781
2023-08-04 23:00:00,56227029.346
2023-08-04 23:15:00,56227112.374
2023-08-04 23:30:00,56227199.729
2023-08-04 23:45:00,56227285.849
2023-08-05 00:00:00,56227371.083
2023-08-05 00:15:00,56227458.293
2023-08-05 00:30:00,56227542.522
2023-08-05 00:45:00,56227628.969
2023-08-05 01:00:00,56227713.001
2023-08-05 01:15:00,56227795.641
2023-08-05 01:30:00,56227880.107
2023-08-05 01:45:00,56227965.148
2023-08-05 02:00:00,56228047.911
2023-08-05 02:15:00,56228131.612
2023-08-05 02:30:00,56228214.808
2023-08-05 02:45:00,56228298.959
2023-08-05 03:00:00,56228382.205
2023-08-05 03:15:00,56228464.794
2023-08-05 03:30:00,56228550.047
2023-08-05 03:45:00,56228635.335
2023-08-05 04:00:00,56228721.264
2023-08-05 04:15:00,56228806.824
2023-08-05 04:30:00,56228893.135
2023-08-05 04:45:00,56228977.808
2023-08-05 05:00:00,56229063.558
2023-08-05 05:15:00,56229154.394
2023-08-05 05:30:00,56229247.187
2023-08-05 05:45:00,56229338.957
2023-08-05 06:00:00,56229430.911
2023-08-05 06:15:00,56229522.57
2023-08-05 06:30:00,56229614.431
2023-08-05 06:45:00,56229706.239
2023-08-05 07:00:00,56229797.193
2023-08-05 07:15:00,56229889.738
2023-08-05 07:30:00,56229984.086
2023-08-05 07:45:00,56230075.168
2023-08-05 08:00:00,56230165.782
2023-08-05 08:15:00,56230259.539
2023-08-05 08:30:00,56230351.692
2023-08-05 08:45:00,56230444.327
2023-08-05 09:00:00,56230535.825
2023-08-05 09:15:00,56230628.802
2023-08-05 09:30:00,56230721.574
2023-08-05 09:45:00,56230815.246
2023-08-05 10:00:00,56230907.133
2023-08-05 10:15:00,56230999.672
2023-08-05 10:30:00,56231093.86
2023-08-05 10:45:00,56231188.874
2023-08-05 11:00:00,56231283.483
2023-08-05 11:15:00,56231377.287
2023-08-05 11:30:00,56231472.906
2023-08-05 11:45:00,56231568.88
2023-08-05 12:00:00,56231663.479
2023-08-05 12:15:00,56231760.035
2023-08-05 12:30:00,56231855.549
2023-08-05 12:45:00,56231950.036
2023-08-05 13:00:00,56232044.702
2023-08-05 13:15:00,56232140.406
2023-08-05 13:30:00,56232235.44
2023-08-05 13:45:00,56232330.16
2023-08-05 14:00:00,56232426.19
2023-08-05 14:15:00,56232522.464
2023-08-05 14:30:00,56232617.689
2023-08-05 14:45:00,56232712.057
2023-08-05 15:00:00,56232808.634
2023-08-05 15:15:00,56232902.737
2023-08-05 15:30:00,56232996.22
2023-08-05 15:45:00,56233089.917
2023-08-05 16:00:00,56233184.704
2023-08-05 16:15:00,56233278.793
2023-08-05 16:30:00,56233371.981
2023-08-05 16:45:00,56233466.495
2023-08-05 17:00:00,56233562.142
2023-08-05 17:15:00,56233656.496
2023-08-05 17:30:00,56233749.032
2023-08-05 17:45:00,56233841.77
2023-08-05 18:00:00,56233934.808
2023-08-05 18:15:00,56234025.633
2023-08-05 18:30:00,56234118.758
2023-08-05 18:45:00,56234210.936
2023-08-05 19:00:00,56234304.354
2023-08-05 19:15:00,56234396.019
2023-08-05 19:30:00,56234488.617
2023-08-05 19:45:00,56234578.159
2023-08-05 20:00:00,56234672.449
2023-08-05 20:15:00,56234760.469
2023-08-05 20:30:00,56234849.687
2023-08-05 20:45:00,56234936.934
2023-08-05 21:00:00,56235024.38
2023-08-05 21:15:00,56235111.397
2023-08-05 21:30:00,56235197.698
2023-08-05 21:45:00,56235282.755
2023-08-05 22:00:00,56235369.146
2023-08-05 22:15:00,56235453.878
2023-08-05 22:30:00,56235539.113
2023-08-05 22:45:00,56235624.582
2023-08-05 23:00:00,56235710.38
2023-08-05 23:15:00,56235794.402
2023-08-05 23:30:00,56235880.122
2023-08-05 23:45:00,56235963.836
2023-08-06 00:00:00,56236049.749
2023-08-06 00:15:00,56236136.823
2023-08-06 00:30:00,56236226.033
2023-08-06 00:45:00,56236312.843
2023-08-06 01:00:00,56236398.779
2023-08-06 01:15:00,56236484.93
2023-08-06 01:30:00,56236570.618
2023-08-06 01:45:00,56236654.175
2023-08-06 02:00:00,56236736.135
2023-08-06 02:15:00,56236819.387
2023-08-06 02:30:00,56236902.693
2023-08-06 02:45:00,56236985.282
2023-08-06 03:00:00,56237068.696
2023-08-06 03:15:00,56237151.802
2023-08-06 03:30:00,56237235.248
2023-08-06 03:45:00,56237317.385
2023-08-06 04:00:00,56237401.909
2023-08-06 04:15:00,56237487.762
2023-08-06 04:30:00,56237573.224
2023-08-06 04:45:00,56237658.346
2023-08-06 05:00:00,56237742.712
2023-08-06 05:15:00,56237831.974
2023-08-06 05:30:00,56237922.16
2023-08-06 05:45:00,56238011.957
2023-08-06 06:00:00,56238100.89
2023-08-06 06:15:00,56238188.749
2023-08-06 06:30:00,56238278.572
2023-08-06 06:45:00,56238366.983
2023-08-06 07:00:00,56238455.624
2023-08-06 07:15:00,56238544.707
2023-08-06 07:30:00,56238634.831
2023-08-06 07:45:00,56238723.401
2023-08-06 08:00:00,56238812.254
2023-08-06 08:15:00,56238904.337
2023-08-06 08:30:00,56238997.56
2023-08-06 08:45:00,56239089.474
2023-08-06 09:00:00,56239181.386
2023-08-06 09:15:00,56239273.367
2023-08-06 09:30:00,56239366.451
2023-08-06 09:45:00,56239459.939
2023-08-06 10:00:00,56239552.9
2023-08-06 10:15:00,56239643.264
2023-08-06 10:30:00,56239737.7
2023-08-06 10:45:00,56239830.622
2023-08-06 11:00:00,56239925.668
2023-08-06 11:15:00,56240019.007
2023-08-06 11:30:00,56240113.426
2023-08-06 11:45:00,56240206.566
2023-08-06 12:00:00,56240302.102
2023-08-06 12:15:00,56240398.992
2023-08-06 12:30:00,56240496.447
2023-08-06 12:45:00,56240593.667
2023-08-06 13:00:00,56240692.11
2023-08-06 13:15:00,56240788.309
2023-08-06 13:30:00,56240885.498
2023-08-06 13:45:00,56240981.066
2023-08-06 14:00:00,56241077.22
2023-08-06 14:15:00,56241172.53
2023-08-06 14:30:00,56241267.302
2023-08-06 14:45:00,56241363.413
2023-08-06 15:00:00,56241458.19
2023-08-06 15:15:00,56241553.316
2023-08-06 15:30:00,56241649.143
2023-08-06 15:45:00,56241743.494
2023-08-06 16:00:00,56241838.32
2023-08-06 16:15:00,56241932.503
2023-08-06 16:30:00,56242027.724
2023-08-06 16:45:00,56242122.472
2023-08-06 17:00:00,56242217.257
2023-08-06 17:15:00,56242311.36
2023-08-06 17:30:00,56242406.634
2023-08-06 17:45:00,56242500.886
2023-08-06 18:00:00,56242595.486
2023-08-06 18:15:00,56242689.95
2023-08-06 18:30:00,56242785.033
2023-08-06 18:45:00,56242879.139
2023-08-06 19:00:00,56242975.201
2023-08-06 19:15:00,56243068.404
2023-08-06 19:30:00,56243162.807
2023-08-06 19:45:00,56243256.176
2023-08-06 20:00:00,56243349.946
2023-08-06 20:15:00,56243438.279
2023-08-06 20:30:00,56243525.3
2023-08-06 20:45:00,56243615.758
2023-08-06 21:00:00,56243703.553
2023-08-06 21:15:00,56243791.582
2023-08-06 21:30:00,56243878.655
2023-08-06 21:45:00,56243966.164
2023-08-06 22:00:00,56244053.747
2023-08-06 22:15:00,56244141.783
2023-08-06 22:30:00,56244229.074
2023-08-06 22:45:00,56244314.818
2023-08-06 23:00:00,56244401.402
2023-08-06 23:15:00,56244487.509
2023-08-06 23:30:00,56244575.269
2023-08-06 23:45:00,56244660.326
2023-08-07 00:00:00,56244747.412
2023-08-07 00:15:00,56244834.889
2023-08-07 00:30:00,56244921.936
2023-08-07 00:45:00,56245008.829
2023-08-07 01:00:00,56245095.091
2023-08-07 01:15:00,56245180.288
2023-08-07 01:30:00,56245265.29
2023-08-07 01:45:00,56245351.423
2023-08-07 02:00:00,56245437.713
2023-08-07 02:15:00,56245527.932
2023-08-07 02:30:00,56245618.819
2023-08-07 02:45:00,56245705.464
2023-08-07 03:00:00,56245795.589
2023-08-07 03:15:00,56245883.407
2023-08-07 03:30:00,56245973.59
2023-08-07 03:45:00,56246063.635
2023-08-07 04:00:00,56246153.466
2023-08-07 04:15:00,56246244.15
2023-08-07 04:30:00,56246333.248
2023-08-07 04:45:00,56246424.697
2023-08-07 05:00:00,56246515.609
2023-08-07 05:15:00,56246608.034
2023-08-07 05:30:00,56246700.527
2023-08-07 05:45:00,56246793.717
2023-08-07 06:00:00,56246887.141
2023-08-07 06:15:00,56246979.42
2023-08-07 06:30:00,56247069.523
2023-08-07 06:45:00,56247159.369
2023-08-07 07:00:00,56247248.853
2023-08-07 07:15:00,56247339.874
2023-08-07 07:30:00,56247430.685
2023-08-07 07:45:00,56247523.192
2023-08-07 08:00:00,56247614.908
2023-08-07 08:15:00,56247706.888
2023-08-07 08:30:00,56247796.913
2023-08-07 08:45:00,56247889.431
2023-08-07 09:00:00,56247984.585
2023-08-07 09:15:00,56248080.788
2023-08-07 09:30:00,56248177.871
2023-08-07 09:45:00,56248271.87
2023-08-07 10:00:00,56248370.111
2023-08-07 10:15:00,56248465.794
2023-08-07 10:30:00,56248560.13
2023-08-07 10:45:00,56248655.886
2023-08-07 11:00:00,56248751.919
2023-08-07 11:15:00,56248850.246
2023-08-07 11:30:00,56248948.943
2023-08-07 11:45:00,56249048.773
2023-08-07 12:00:00,56249147.275
2023-08-07 12:15:00,56249248.152
2023-08-07 12:30:00,56249348.575
2023-08-07 12:45:00,56249451.197
2023-08-07 13:00:00,56249551.782
2023-08-07 13:15:00,56249654.137
2023-08-07 13:30:00,56249756.047
2023-08-07 13:45:00,56249860.031
2023-08-07 14:00:00,56249963.023
2023-08-07 14:15:00,56250066.225
