MRC.MRC_208_Main_2_5_12#Real Energy Total#kWh,Timestamp
20960357.479,2023-07-09 00:15:00
20960382.92,2023-07-09 00:30:00
20960408.44,2023-07-09 00:45:00
20960433.491,2023-07-09 01:00:00
20960458.232,2023-07-09 01:15:00
20960483.432,2023-07-09 01:30:00
20960508.688,2023-07-09 01:45:00
20960534.026,2023-07-09 02:00:00
20960559.292,2023-07-09 02:15:00
20960584.35,2023-07-09 02:30:00
20960609.788,2023-07-09 02:45:00
20960634.903,2023-07-09 03:00:00
20960660.277,2023-07-09 03:15:00
20960685.716,2023-07-09 03:30:00
20960711.339,2023-07-09 03:45:00
20960736.563,2023-07-09 04:00:00
20960761.519,2023-07-09 04:15:00
20960786.299,2023-07-09 04:30:00
20960811.255,2023-07-09 04:45:00
20960835.867,2023-07-09 05:00:00
20960860.839,2023-07-09 05:15:00
20960886.596,2023-07-09 05:30:00
20960912.023,2023-07-09 05:45:00
20960936.781,2023-07-09 06:00:00
20960961.506,2023-07-09 06:15:00
20960986.369,2023-07-09 06:30:00
20961011.059,2023-07-09 06:45:00
20961035.973,2023-07-09 07:00:00
20961061.012,2023-07-09 07:15:00
20961086.003,2023-07-09 07:30:00
20961110.751,2023-07-09 07:45:00
20961135.999,2023-07-09 08:00:00
20961160.949,2023-07-09 08:15:00
20961186.102,2023-07-09 08:30:00
20961211.202,2023-07-09 08:45:00
20961236.306,2023-07-09 09:00:00
20961261.508,2023-07-09 09:15:00
20961286.267,2023-07-09 09:30:00
20961311.228,2023-07-09 09:45:00
20961336.246,2023-07-09 10:00:00
20961361.473,2023-07-09 10:15:00
20961387.253,2023-07-09 10:30:00
20961412.835,2023-07-09 10:45:00
20961438.128,2023-07-09 11:00:00
20961463.617,2023-07-09 11:15:00
20961489.357,2023-07-09 11:30:00
20961514.884,2023-07-09 11:45:00
20961540.01,2023-07-09 12:00:00
20961565.122,2023-07-09 12:15:00
20961590.079,2023-07-09 12:30:00
20961615.289,2023-07-09 12:45:00
20961641.046,2023-07-09 13:00:00
20961667.078,2023-07-09 13:15:00
20961692.604,2023-07-09 13:30:00
20961717.745,2023-07-09 13:45:00
20961743.149,2023-07-09 14:00:00
20961768.523,2023-07-09 14:15:00
20961793.992,2023-07-09 14:30:00
20961819.626,2023-07-09 14:45:00
20961845.101,2023-07-09 15:00:00
20961870.626,2023-07-09 15:15:00
20961896.475,2023-07-09 15:30:00
20961922.483,2023-07-09 15:45:00
20961948.261,2023-07-09 16:00:00
20961973.542,2023-07-09 16:15:00
20961998.655,2023-07-09 16:30:00
20962023.659,2023-07-09 16:45:00
20962048.531,2023-07-09 17:00:00
20962073.496,2023-07-09 17:15:00
20962098.199,2023-07-09 17:30:00
20962122.842,2023-07-09 17:45:00
20962147.81,2023-07-09 18:00:00
20962172.814,2023-07-09 18:15:00
20962197.678,2023-07-09 18:30:00
20962222.5,2023-07-09 18:45:00
20962247.564,2023-07-09 19:00:00
20962272.331,2023-07-09 19:15:00
20962297.079,2023-07-09 19:30:00
20962322.034,2023-07-09 19:45:00
20962347.051,2023-07-09 20:00:00
20962371.866,2023-07-09 20:15:00
20962397.132,2023-07-09 20:30:00
20962422.654,2023-07-09 20:45:00
20962447.874,2023-07-09 21:00:00
20962472.935,2023-07-09 21:15:00
20962497.789,2023-07-09 21:30:00
20962522.817,2023-07-09 21:45:00
20962547.551,2023-07-09 22:00:00
20962572.378,2023-07-09 22:15:00
20962597.251,2023-07-09 22:30:00
20962622.034,2023-07-09 22:45:00
20962647.095,2023-07-09 23:00:00
20962672.23,2023-07-09 23:15:00
20962697.484,2023-07-09 23:30:00
20962722.6,2023-07-09 23:45:00
20962747.596,2023-07-10 00:00:00
20962772.588,2023-07-10 00:15:00
20962797.429,2023-07-10 00:30:00
20962822.465,2023-07-10 00:45:00
20962847.343,2023-07-10 01:00:00
20962872.358,2023-07-10 01:15:00
20962897.493,2023-07-10 01:30:00
20962922.728,2023-07-10 01:45:00
20962948.134,2023-07-10 02:00:00
20962973.398,2023-07-10 02:15:00
20962998.231,2023-07-10 02:30:00
20963023.296,2023-07-10 02:45:00
20963048.309,2023-07-10 03:00:00
20963073.405,2023-07-10 03:15:00
20963098.34,2023-07-10 03:30:00
20963123.678,2023-07-10 03:45:00
20963148.882,2023-07-10 04:00:00
20963174.25,2023-07-10 04:15:00
20963199.818,2023-07-10 04:30:00
20963225.326,2023-07-10 04:45:00
20963250.454,2023-07-10 05:00:00
20963275.705,2023-07-10 05:15:00
20963300.879,2023-07-10 05:30:00
20963325.94,2023-07-10 05:45:00
20963351.192,2023-07-10 06:00:00
20963376.307,2023-07-10 06:15:00
20963401.431,2023-07-10 06:30:00
20963426.821,2023-07-10 06:45:00
20963452.394,2023-07-10 07:00:00
20963477.793,2023-07-10 07:15:00
20963502.836,2023-07-10 07:30:00
20963528.053,2023-07-10 07:45:00
20963553.413,2023-07-10 08:00:00
20963578.648,2023-07-10 08:15:00
20963604.03,2023-07-10 08:30:00
20963629.376,2023-07-10 08:45:00
20963655.058,2023-07-10 09:00:00
20963681.209,2023-07-10 09:15:00
20963707.752,2023-07-10 09:30:00
20963734.819,2023-07-10 09:45:00
20963761.687,2023-07-10 10:00:00
20963788.181,2023-07-10 10:15:00
20963814.612,2023-07-10 10:30:00
20963841.389,2023-07-10 10:45:00
20963867.749,2023-07-10 11:00:00
20963894.212,2023-07-10 11:15:00
20963920.932,2023-07-10 11:30:00
20963947.687,2023-07-10 11:45:00
20963974.635,2023-07-10 12:00:00
20964002.193,2023-07-10 12:15:00
20964029.808,2023-07-10 12:30:00
20964056.885,2023-07-10 12:45:00
20964084.056,2023-07-10 13:00:00
20964111.451,2023-07-10 13:15:00
20964138.685,2023-07-10 13:30:00
20964165.8,2023-07-10 13:45:00
20964192.491,2023-07-10 14:00:00
20964219.298,2023-07-10 14:15:00
20964246.361,2023-07-10 14:30:00
20964273.195,2023-07-10 14:45:00
20964300.047,2023-07-10 15:00:00
20964326.778,2023-07-10 15:15:00
20964353.624,2023-07-10 15:30:00
20964380.733,2023-07-10 15:45:00
20964408.094,2023-07-10 16:00:00
20964435.189,2023-07-10 16:15:00
20964462.493,2023-07-10 16:30:00
20964489.708,2023-07-10 16:45:00
20964516.576,2023-07-10 17:00:00
20964543.466,2023-07-10 17:15:00
20964570.26,2023-07-10 17:30:00
20964596.415,2023-07-10 17:45:00
20964622.433,2023-07-10 18:00:00
20964648.95,2023-07-10 18:15:00
20964675.068,2023-07-10 18:30:00
20964701.193,2023-07-10 18:45:00
20964727.608,2023-07-10 19:00:00
20964753.704,2023-07-10 19:15:00
20964779.629,2023-07-10 19:30:00
20964805.544,2023-07-10 19:45:00
20964831.599,2023-07-10 20:00:00
20964857.323,2023-07-10 20:15:00
20964882.55,2023-07-10 20:30:00
20964908.044,2023-07-10 20:45:00
20964933.809,2023-07-10 21:00:00
20964958.882,2023-07-10 21:15:00
20964983.869,2023-07-10 21:30:00
20965009.603,2023-07-10 21:45:00
20965034.86,2023-07-10 22:00:00
20965060.349,2023-07-10 22:15:00
20965086.44,2023-07-10 22:30:00
20965111.933,2023-07-10 22:45:00
20965137.348,2023-07-10 23:00:00
20965162.785,2023-07-10 23:15:00
20965187.848,2023-07-10 23:30:00
20965212.938,2023-07-10 23:45:00
20965238.267,2023-07-11 00:00:00
20965263.577,2023-07-11 00:15:00
20965288.669,2023-07-11 00:30:00
20965314.153,2023-07-11 00:45:00
20965339.666,2023-07-11 01:00:00
20965365.132,2023-07-11 01:15:00
20965390.628,2023-07-11 01:30:00
20965416.478,2023-07-11 01:45:00
20965441.764,2023-07-11 02:00:00
20965467.117,2023-07-11 02:15:00
20965492.479,2023-07-11 02:30:00
20965517.792,2023-07-11 02:45:00
20965543.247,2023-07-11 03:00:00
20965568.78,2023-07-11 03:15:00
20965594.275,2023-07-11 03:30:00
20965619.293,2023-07-11 03:45:00
20965644.547,2023-07-11 04:00:00
20965670.27,2023-07-11 04:15:00
20965695.878,2023-07-11 04:30:00
20965721.726,2023-07-11 04:45:00
20965747.293,2023-07-11 05:00:00
20965772.433,2023-07-11 05:15:00
20965797.712,2023-07-11 05:30:00
20965823.485,2023-07-11 05:45:00
20965848.93,2023-07-11 06:00:00
20965874.403,2023-07-11 06:15:00
20965899.776,2023-07-11 06:30:00
20965925.019,2023-07-11 06:45:00
20965949.923,2023-07-11 07:00:00
20965975.046,2023-07-11 07:15:00
20966000.848,2023-07-11 07:30:00
20966026.29,2023-07-11 07:45:00
20966052.539,2023-07-11 08:00:00
20966078.475,2023-07-11 08:15:00
20966104.373,2023-07-11 08:30:00
20966130.273,2023-07-11 08:45:00
20966156.691,2023-07-11 09:00:00
20966183.451,2023-07-11 09:15:00
20966210.137,2023-07-11 09:30:00
20966237.415,2023-07-11 09:45:00
20966264.335,2023-07-11 10:00:00
20966290.528,2023-07-11 10:15:00
20966316.684,2023-07-11 10:30:00
20966343.146,2023-07-11 10:45:00
20966369.78,2023-07-11 11:00:00
20966396.872,2023-07-11 11:15:00
20966423.926,2023-07-11 11:30:00
20966450.781,2023-07-11 11:45:00
20966477.409,2023-07-11 12:00:00
20966503.806,2023-07-11 12:15:00
20966529.768,2023-07-11 12:30:00
20966555.292,2023-07-11 12:45:00
20966581.065,2023-07-11 13:00:00
20966607.232,2023-07-11 13:15:00
20966633.246,2023-07-11 13:30:00
20966659.073,2023-07-11 13:45:00
20966685.059,2023-07-11 14:00:00
20966711.135,2023-07-11 14:15:00
20966737.301,2023-07-11 14:30:00
20966763.695,2023-07-11 14:45:00
20966789.44,2023-07-11 15:00:00
20966815.284,2023-07-11 15:15:00
20966841.863,2023-07-11 15:30:00
20966868.245,2023-07-11 15:45:00
20966895.108,2023-07-11 16:00:00
20966922.05,2023-07-11 16:15:00
20966948.565,2023-07-11 16:30:00
20966975.057,2023-07-11 16:45:00
20967001.434,2023-07-11 17:00:00
20967027.636,2023-07-11 17:15:00
20967053.661,2023-07-11 17:30:00
20967079.408,2023-07-11 17:45:00
20967105.65,2023-07-11 18:00:00
20967131.816,2023-07-11 18:15:00
20967158.329,2023-07-11 18:30:00
20967185.198,2023-07-11 18:45:00
20967211.672,2023-07-11 19:00:00
20967237.826,2023-07-11 19:15:00
20967264.034,2023-07-11 19:30:00
20967290.353,2023-07-11 19:45:00
20967316.405,2023-07-11 20:00:00
20967342.165,2023-07-11 20:15:00
20967368.08,2023-07-11 20:30:00
20967393.625,2023-07-11 20:45:00
20967419.406,2023-07-11 21:00:00
20967445.7,2023-07-11 21:15:00
20967471.487,2023-07-11 21:30:00
20967497.028,2023-07-11 21:45:00
20967522.827,2023-07-11 22:00:00
20967548.598,2023-07-11 22:15:00
20967574.168,2023-07-11 22:30:00
20967599.905,2023-07-11 22:45:00
20967625.853,2023-07-11 23:00:00
20967651.808,2023-07-11 23:15:00
20967677.89,2023-07-11 23:30:00
20967703.726,2023-07-11 23:45:00
20967729.171,2023-07-12 00:00:00
20967754.569,2023-07-12 00:15:00
20967780.229,2023-07-12 00:30:00
20967805.95,2023-07-12 00:45:00
20967831.617,2023-07-12 01:00:00
20967857.21,2023-07-12 01:15:00
20967882.891,2023-07-12 01:30:00
20967908.46,2023-07-12 01:45:00
20967933.98,2023-07-12 02:00:00
20967959.893,2023-07-12 02:15:00
20967985.425,2023-07-12 02:30:00
20968010.653,2023-07-12 02:45:00
20968036.349,2023-07-12 03:00:00
20968062.088,2023-07-12 03:15:00
20968087.494,2023-07-12 03:30:00
20968112.918,2023-07-12 03:45:00
20968138.352,2023-07-12 04:00:00
20968163.474,2023-07-12 04:15:00
20968189.22,2023-07-12 04:30:00
20968215.269,2023-07-12 04:45:00
20968240.669,2023-07-12 05:00:00
20968265.875,2023-07-12 05:15:00
20968291.444,2023-07-12 05:30:00
20968316.532,2023-07-12 05:45:00
20968341.714,2023-07-12 06:00:00
20968367.49,2023-07-12 06:15:00
20968392.94,2023-07-12 06:30:00
20968418.192,2023-07-12 06:45:00
20968443.811,2023-07-12 07:00:00
20968469.717,2023-07-12 07:15:00
20968495.064,2023-07-12 07:30:00
20968520.766,2023-07-12 07:45:00
20968546.601,2023-07-12 08:00:00
20968572.15,2023-07-12 08:15:00
20968597.839,2023-07-12 08:30:00
20968623.707,2023-07-12 08:45:00
20968649.947,2023-07-12 09:00:00
20968676.263,2023-07-12 09:15:00
20968702.843,2023-07-12 09:30:00
20968729.95,2023-07-12 09:45:00
20968756.855,2023-07-12 10:00:00
20968782.673,2023-07-12 10:15:00
20968808.271,2023-07-12 10:30:00
20968834.36,2023-07-12 10:45:00
20968860.408,2023-07-12 11:00:00
20968886.759,2023-07-12 11:15:00
20968913.443,2023-07-12 11:30:00
20968940.347,2023-07-12 11:45:00
20968967.515,2023-07-12 12:00:00
20968995.025,2023-07-12 12:15:00
20969022.31,2023-07-12 12:30:00
20969049.323,2023-07-12 12:45:00
20969075.057,2023-07-12 13:00:00
20969101.756,2023-07-12 13:15:00
20969128.915,2023-07-12 13:30:00
20969156.121,2023-07-12 13:45:00
20969183.304,2023-07-12 14:00:00
20969210.783,2023-07-12 14:15:00
20969239.01,2023-07-12 14:30:00
20969266.372,2023-07-12 14:45:00
20969293.855,2023-07-12 15:00:00
20969321.401,2023-07-12 15:15:00
20969348.455,2023-07-12 15:30:00
20969376,2023-07-12 15:45:00
20969403.485,2023-07-12 16:00:00
20969430.58,2023-07-12 16:15:00
20969457.567,2023-07-12 16:30:00
20969484.337,2023-07-12 16:45:00
20969510.979,2023-07-12 17:00:00
20969537.651,2023-07-12 17:15:00
20969564.164,2023-07-12 17:30:00
20969590.678,2023-07-12 17:45:00
20969616.573,2023-07-12 18:00:00
20969642.484,2023-07-12 18:15:00
20969668.748,2023-07-12 18:30:00
20969694.835,2023-07-12 18:45:00
20969721.407,2023-07-12 19:00:00
20969747.578,2023-07-12 19:15:00
20969773.526,2023-07-12 19:30:00
20969799.795,2023-07-12 19:45:00
20969826.321,2023-07-12 20:00:00
20969852.057,2023-07-12 20:15:00
20969877.431,2023-07-12 20:30:00
20969903.183,2023-07-12 20:45:00
20969928.802,2023-07-12 21:00:00
20969954.365,2023-07-12 21:15:00
20969980.458,2023-07-12 21:30:00
20970006.031,2023-07-12 21:45:00
20970031.314,2023-07-12 22:00:00
20970056.959,2023-07-12 22:15:00
20970082.445,2023-07-12 22:30:00
20970107.642,2023-07-12 22:45:00
20970133.226,2023-07-12 23:00:00
20970158.864,2023-07-12 23:15:00
20970183.952,2023-07-12 23:30:00
20970209.076,2023-07-12 23:45:00
20970234.117,2023-07-13 00:00:00
20970259.317,2023-07-13 00:15:00
20970284.731,2023-07-13 00:30:00
20970310.001,2023-07-13 00:45:00
20970335.771,2023-07-13 01:00:00
20970361.328,2023-07-13 01:15:00
20970386.235,2023-07-13 01:30:00
20970411.145,2023-07-13 01:45:00
20970436.77,2023-07-13 02:00:00
20970462.03,2023-07-13 02:15:00
20970487.124,2023-07-13 02:30:00
20970512.43,2023-07-13 02:45:00
20970537.552,2023-07-13 03:00:00
20970562.611,2023-07-13 03:15:00
20970588.08,2023-07-13 03:30:00
20970613.667,2023-07-13 03:45:00
20970638.841,2023-07-13 04:00:00
20970663.881,2023-07-13 04:15:00
20970688.835,2023-07-13 04:30:00
20970713.808,2023-07-13 04:45:00
20970738.886,2023-07-13 05:00:00
20970764.032,2023-07-13 05:15:00
20970789.456,2023-07-13 05:30:00
20970814.348,2023-07-13 05:45:00
20970839.217,2023-07-13 06:00:00
20970864.752,2023-07-13 06:15:00
20970889.916,2023-07-13 06:30:00
20970914.995,2023-07-13 06:45:00
20970940.41,2023-07-13 07:00:00
20970965.621,2023-07-13 07:15:00
20970990.317,2023-07-13 07:30:00
20971015.241,2023-07-13 07:45:00
20971040.569,2023-07-13 08:00:00
20971066.03,2023-07-13 08:15:00
20971091.833,2023-07-13 08:30:00
20971117.384,2023-07-13 08:45:00
20971143.428,2023-07-13 09:00:00
20971169.842,2023-07-13 09:15:00
20971196.666,2023-07-13 09:30:00
20971223.832,2023-07-13 09:45:00
20971250.698,2023-07-13 10:00:00
20971277.133,2023-07-13 10:15:00
20971303.786,2023-07-13 10:30:00
20971330.662,2023-07-13 10:45:00
20971357.313,2023-07-13 11:00:00
20971384.074,2023-07-13 11:15:00
20971411.216,2023-07-13 11:30:00
20971438.38,2023-07-13 11:45:00
20971466.023,2023-07-13 12:00:00
20971493.916,2023-07-13 12:15:00
20971521.099,2023-07-13 12:30:00
20971548.454,2023-07-13 12:45:00
20971575.894,2023-07-13 13:00:00
20971602.646,2023-07-13 13:15:00
20971629.558,2023-07-13 13:30:00
20971656.229,2023-07-13 13:45:00
20971682.954,2023-07-13 14:00:00
20971710.301,2023-07-13 14:15:00
20971737.828,2023-07-13 14:30:00
20971764.973,2023-07-13 14:45:00
20971792.498,2023-07-13 15:00:00
20971820.316,2023-07-13 15:15:00
20971847.995,2023-07-13 15:30:00
20971875.423,2023-07-13 15:45:00
20971902.452,2023-07-13 16:00:00
20971929.665,2023-07-13 16:15:00
20971956.945,2023-07-13 16:30:00
20971984.565,2023-07-13 16:45:00
20972012.16,2023-07-13 17:00:00
20972039.022,2023-07-13 17:15:00
20972065.912,2023-07-13 17:30:00
20972092.509,2023-07-13 17:45:00
20972118.922,2023-07-13 18:00:00
20972145.258,2023-07-13 18:15:00
20972171.617,2023-07-13 18:30:00
20972198.274,2023-07-13 18:45:00
20972225.119,2023-07-13 19:00:00
20972251.361,2023-07-13 19:15:00
20972277.509,2023-07-13 19:30:00
20972303.613,2023-07-13 19:45:00
20972329.154,2023-07-13 20:00:00
20972354.715,2023-07-13 20:15:00
20972380.645,2023-07-13 20:30:00
20972406.179,2023-07-13 20:45:00
20972431.496,2023-07-13 21:00:00
20972456.98,2023-07-13 21:15:00
20972481.781,2023-07-13 21:30:00
20972506.645,2023-07-13 21:45:00
20972532.05,2023-07-13 22:00:00
20972557.663,2023-07-13 22:15:00
20972582.985,2023-07-13 22:30:00
20972608.388,2023-07-13 22:45:00
20972633.701,2023-07-13 23:00:00
20972658.641,2023-07-13 23:15:00
20972684.009,2023-07-13 23:30:00
20972709.363,2023-07-13 23:45:00
20972734.423,2023-07-14 00:00:00
20972759.502,2023-07-14 00:15:00
20972784.738,2023-07-14 00:30:00
20972809.642,2023-07-14 00:45:00
20972834.716,2023-07-14 01:00:00
20972860.08,2023-07-14 01:15:00
20972885.469,2023-07-14 01:30:00
20972911.022,2023-07-14 01:45:00
20972936.605,2023-07-14 02:00:00
20972961.987,2023-07-14 02:15:00
20972987.516,2023-07-14 02:30:00
20973013.28,2023-07-14 02:45:00
20973038.983,2023-07-14 03:00:00
20973064.442,2023-07-14 03:15:00
20973089.815,2023-07-14 03:30:00
20973115.243,2023-07-14 03:45:00
20973140.731,2023-07-14 04:00:00
20973166.357,2023-07-14 04:15:00
20973191.925,2023-07-14 04:30:00
20973217.416,2023-07-14 04:45:00
20973243.01,2023-07-14 05:00:00
20973268.652,2023-07-14 05:15:00
20973294.346,2023-07-14 05:30:00
20973319.793,2023-07-14 05:45:00
20973345.596,2023-07-14 06:00:00
20973371.102,2023-07-14 06:15:00
20973396.107,2023-07-14 06:30:00
20973421.348,2023-07-14 06:45:00
20973446.767,2023-07-14 07:00:00
20973471.732,2023-07-14 07:15:00
20973497.225,2023-07-14 07:30:00
20973523.039,2023-07-14 07:45:00
20973548.935,2023-07-14 08:00:00
20973574.836,2023-07-14 08:15:00
20973600.481,2023-07-14 08:30:00
20973626.651,2023-07-14 08:45:00
20973652.581,2023-07-14 09:00:00
20973678.584,2023-07-14 09:15:00
20973704.78,2023-07-14 09:30:00
20973731.387,2023-07-14 09:45:00
20973757.455,2023-07-14 10:00:00
20973783.568,2023-07-14 10:15:00
20973810.189,2023-07-14 10:30:00
20973836.611,2023-07-14 10:45:00
20973863.137,2023-07-14 11:00:00
20973889.78,2023-07-14 11:15:00
20973916.033,2023-07-14 11:30:00
20973942.522,2023-07-14 11:45:00
20973969.531,2023-07-14 12:00:00
20973996.527,2023-07-14 12:15:00
20974023.536,2023-07-14 12:30:00
20974051.008,2023-07-14 12:45:00
20974078.065,2023-07-14 13:00:00
20974104.694,2023-07-14 13:15:00
20974131.613,2023-07-14 13:30:00
20974158.826,2023-07-14 13:45:00
20974185.498,2023-07-14 14:00:00
20974212.136,2023-07-14 14:15:00
20974238.92,2023-07-14 14:30:00
20974265.382,2023-07-14 14:45:00
20974291.767,2023-07-14 15:00:00
20974318.49,2023-07-14 15:15:00
20974345.649,2023-07-14 15:30:00
20974372.46,2023-07-14 15:45:00
20974399.821,2023-07-14 16:00:00
20974427.067,2023-07-14 16:15:00
20974453.557,2023-07-14 16:30:00
20974479.961,2023-07-14 16:45:00
20974506.63,2023-07-14 17:00:00
20974533.19,2023-07-14 17:15:00
20974560.082,2023-07-14 17:30:00
20974586.944,2023-07-14 17:45:00
20974613.409,2023-07-14 18:00:00
20974639.654,2023-07-14 18:15:00
20974666.382,2023-07-14 18:30:00
20974693.091,2023-07-14 18:45:00
20974719.395,2023-07-14 19:00:00
20974745.707,2023-07-14 19:15:00
20974772.206,2023-07-14 19:30:00
20974798.937,2023-07-14 19:45:00
20974825.359,2023-07-14 20:00:00
20974851.517,2023-07-14 20:15:00
20974877.406,2023-07-14 20:30:00
20974903.289,2023-07-14 20:45:00
20974929.581,2023-07-14 21:00:00
20974955.707,2023-07-14 21:15:00
20974981.228,2023-07-14 21:30:00
20975006.733,2023-07-14 21:45:00
20975032.31,2023-07-14 22:00:00
20975057.875,2023-07-14 22:15:00
20975083.309,2023-07-14 22:30:00
20975108.867,2023-07-14 22:45:00
20975134.598,2023-07-14 23:00:00
20975160.131,2023-07-14 23:15:00
20975185.649,2023-07-14 23:30:00
20975211.23,2023-07-14 23:45:00
20975236.183,2023-07-15 00:00:00
20975261.185,2023-07-15 00:15:00
20975286.305,2023-07-15 00:30:00
20975311.185,2023-07-15 00:45:00
20975336.199,2023-07-15 01:00:00
20975361.18,2023-07-15 01:15:00
20975385.878,2023-07-15 01:30:00
20975411.059,2023-07-15 01:45:00
20975436.493,2023-07-15 02:00:00
20975461.657,2023-07-15 02:15:00
20975486.267,2023-07-15 02:30:00
20975511.052,2023-07-15 02:45:00
20975535.642,2023-07-15 03:00:00
20975560.408,2023-07-15 03:15:00
20975585.684,2023-07-15 03:30:00
20975610.68,2023-07-15 03:45:00
20975635.717,2023-07-15 04:00:00
20975661.297,2023-07-15 04:15:00
20975686.387,2023-07-15 04:30:00
20975711.319,2023-07-15 04:45:00
20975736.28,2023-07-15 05:00:00
20975760.826,2023-07-15 05:15:00
20975785.471,2023-07-15 05:30:00
20975810.6,2023-07-15 05:45:00
20975835.631,2023-07-15 06:00:00
20975860.437,2023-07-15 06:15:00
20975885.352,2023-07-15 06:30:00
20975910.454,2023-07-15 06:45:00
20975935.375,2023-07-15 07:00:00
20975960.577,2023-07-15 07:15:00
20975985.53,2023-07-15 07:30:00
20976010.424,2023-07-15 07:45:00
20976035.577,2023-07-15 08:00:00
20976060.655,2023-07-15 08:15:00
20976085.575,2023-07-15 08:30:00
20976110.644,2023-07-15 08:45:00
20976135.497,2023-07-15 09:00:00
20976160.468,2023-07-15 09:15:00
20976185.658,2023-07-15 09:30:00
20976210.667,2023-07-15 09:45:00
20976235.663,2023-07-15 10:00:00
20976260.717,2023-07-15 10:15:00
20976285.684,2023-07-15 10:30:00
20976310.88,2023-07-15 10:45:00
20976336.324,2023-07-15 11:00:00
20976361.577,2023-07-15 11:15:00
20976386.894,2023-07-15 11:30:00
20976412.458,2023-07-15 11:45:00
20976438.309,2023-07-15 12:00:00
20976464.156,2023-07-15 12:15:00
20976490.273,2023-07-15 12:30:00
20976515.767,2023-07-15 12:45:00
20976541.33,2023-07-15 13:00:00
20976567.439,2023-07-15 13:15:00
20976593.336,2023-07-15 13:30:00
20976618.898,2023-07-15 13:45:00
20976644.643,2023-07-15 14:00:00
20976671.047,2023-07-15 14:15:00
20976696.924,2023-07-15 14:30:00
20976722.541,2023-07-15 14:45:00
20976748.471,2023-07-15 15:00:00
20976773.931,2023-07-15 15:15:00
20976799.501,2023-07-15 15:30:00
20976825.578,2023-07-15 15:45:00
20976851.5,2023-07-15 16:00:00
20976877.029,2023-07-15 16:15:00
20976903.101,2023-07-15 16:30:00
20976929.293,2023-07-15 16:45:00
20976955.604,2023-07-15 17:00:00
20976982.166,2023-07-15 17:15:00
20977008.604,2023-07-15 17:30:00
20977034.483,2023-07-15 17:45:00
20977060.556,2023-07-15 18:00:00
20977086.68,2023-07-15 18:15:00
20977112.542,2023-07-15 18:30:00
20977138.124,2023-07-15 18:45:00
20977163.952,2023-07-15 19:00:00
20977189.908,2023-07-15 19:15:00
20977215.993,2023-07-15 19:30:00
20977242.301,2023-07-15 19:45:00
20977268.159,2023-07-15 20:00:00
20977294.094,2023-07-15 20:15:00
20977319.461,2023-07-15 20:30:00
20977344.912,2023-07-15 20:45:00
20977370.377,2023-07-15 21:00:00
20977395.905,2023-07-15 21:15:00
20977421.5,2023-07-15 21:30:00
20977446.844,2023-07-15 21:45:00
20977472.652,2023-07-15 22:00:00
20977498.58,2023-07-15 22:15:00
20977524.186,2023-07-15 22:30:00
20977549.35,2023-07-15 22:45:00
20977574.699,2023-07-15 23:00:00
20977600.05,2023-07-15 23:15:00
20977625.513,2023-07-15 23:30:00
20977651.205,2023-07-15 23:45:00
20977676.705,2023-07-16 00:00:00
20977702.16,2023-07-16 00:15:00
20977727.688,2023-07-16 00:30:00
20977753.498,2023-07-16 00:45:00
20977778.685,2023-07-16 01:00:00
20977804.028,2023-07-16 01:15:00
20977829.717,2023-07-16 01:30:00
20977855.064,2023-07-16 01:45:00
20977880.307,2023-07-16 02:00:00
20977905.532,2023-07-16 02:15:00
20977930.822,2023-07-16 02:30:00
20977955.892,2023-07-16 02:45:00
20977981.655,2023-07-16 03:00:00
20978007.518,2023-07-16 03:15:00
20978033.122,2023-07-16 03:30:00
20978058.275,2023-07-16 03:45:00
20978083.33,2023-07-16 04:00:00
20978108.484,2023-07-16 04:15:00
20978134.119,2023-07-16 04:30:00
20978159.417,2023-07-16 04:45:00
20978184.617,2023-07-16 05:00:00
20978210.385,2023-07-16 05:15:00
20978235.875,2023-07-16 05:30:00
20978261.142,2023-07-16 05:45:00
20978286.708,2023-07-16 06:00:00
20978312.161,2023-07-16 06:15:00
20978337.287,2023-07-16 06:30:00
20978362.235,2023-07-16 06:45:00
20978387.116,2023-07-16 07:00:00
20978412.229,2023-07-16 07:15:00
20978437.362,2023-07-16 07:30:00
20978462.354,2023-07-16 07:45:00
20978487.806,2023-07-16 08:00:00
20978513.174,2023-07-16 08:15:00
20978538.558,2023-07-16 08:30:00
20978564.104,2023-07-16 08:45:00
20978589.671,2023-07-16 09:00:00
20978614.923,2023-07-16 09:15:00
20978640.263,2023-07-16 09:30:00
20978665.568,2023-07-16 09:45:00
20978690.574,2023-07-16 10:00:00
20978715.946,2023-07-16 10:15:00
20978741.483,2023-07-16 10:30:00
20978766.935,2023-07-16 10:45:00
20978792.349,2023-07-16 11:00:00
20978817.803,2023-07-16 11:15:00
20978842.908,2023-07-16 11:30:00
20978868.294,2023-07-16 11:45:00
20978893.374,2023-07-16 12:00:00
20978918.834,2023-07-16 12:15:00
20978944.718,2023-07-16 12:30:00
20978970.02,2023-07-16 12:45:00
20978994.913,2023-07-16 13:00:00
20979019.783,2023-07-16 13:15:00
20979045.039,2023-07-16 13:30:00
20979070.576,2023-07-16 13:45:00
20979096.31,2023-07-16 14:00:00
20979121.901,2023-07-16 14:15:00
20979147.406,2023-07-16 14:30:00
20979172.596,2023-07-16 14:45:00
20979197.923,2023-07-16 15:00:00
20979223.103,2023-07-16 15:15:00
20979248.486,2023-07-16 15:30:00
20979273.915,2023-07-16 15:45:00
20979299.288,2023-07-16 16:00:00
20979324.892,2023-07-16 16:15:00
20979350.871,2023-07-16 16:30:00
20979376.34,2023-07-16 16:45:00
20979401.911,2023-07-16 17:00:00
20979427.59,2023-07-16 17:15:00
20979454.047,2023-07-16 17:30:00
20979480.066,2023-07-16 17:45:00
20979506.021,2023-07-16 18:00:00
20979532.067,2023-07-16 18:15:00
20979558.071,2023-07-16 18:30:00
20979584.046,2023-07-16 18:45:00
20979610.639,2023-07-16 19:00:00
20979636.842,2023-07-16 19:15:00
20979663.051,2023-07-16 19:30:00
20979688.639,2023-07-16 19:45:00
20979714.097,2023-07-16 20:00:00
20979739.388,2023-07-16 20:15:00
20979764.761,2023-07-16 20:30:00
20979790.201,2023-07-16 20:45:00
20979815.88,2023-07-16 21:00:00
20979841.775,2023-07-16 21:15:00
20979867.072,2023-07-16 21:30:00
20979892.309,2023-07-16 21:45:00
20979916.946,2023-07-16 22:00:00
20979941.706,2023-07-16 22:15:00
20979966.489,2023-07-16 22:30:00
20979991.203,2023-07-16 22:45:00
20980016.127,2023-07-16 23:00:00
20980040.834,2023-07-16 23:15:00
20980065.378,2023-07-16 23:30:00
20980090.203,2023-07-16 23:45:00
20980115.345,2023-07-17 00:00:00
20980140.334,2023-07-17 00:15:00
20980165.222,2023-07-17 00:30:00
20980190.197,2023-07-17 00:45:00
20980215.022,2023-07-17 01:00:00
20980239.615,2023-07-17 01:15:00
20980264.181,2023-07-17 01:30:00
20980289.229,2023-07-17 01:45:00
20980313.826,2023-07-17 02:00:00
20980338.347,2023-07-17 02:15:00
20980363.188,2023-07-17 02:30:00
20980387.996,2023-07-17 02:45:00
20980412.939,2023-07-17 03:00:00
20980437.746,2023-07-17 03:15:00
20980462.892,2023-07-17 03:30:00
20980487.686,2023-07-17 03:45:00
20980512.423,2023-07-17 04:00:00
20980537.433,2023-07-17 04:15:00
20980561.917,2023-07-17 04:30:00
20980586.58,2023-07-17 04:45:00
20980611.556,2023-07-17 05:00:00
20980636.205,2023-07-17 05:15:00
20980660.766,2023-07-17 05:30:00
20980685.419,2023-07-17 05:45:00
20980710.303,2023-07-17 06:00:00
20980735.117,2023-07-17 06:15:00
20980759.618,2023-07-17 06:30:00
20980784.574,2023-07-17 06:45:00
20980809.024,2023-07-17 07:00:00
20980833.426,2023-07-17 07:15:00
20980858.246,2023-07-17 07:30:00
20980882.784,2023-07-17 07:45:00
20980907.32,2023-07-17 08:00:00
20980931.632,2023-07-17 08:15:00
20980956.173,2023-07-17 08:30:00
20980981.303,2023-07-17 08:45:00
20981006.858,2023-07-17 09:00:00
20981032.794,2023-07-17 09:15:00
20981058.905,2023-07-17 09:30:00
20981084.896,2023-07-17 09:45:00
20981111.287,2023-07-17 10:00:00
20981137.363,2023-07-17 10:15:00
20981163.602,2023-07-17 10:30:00
20981190.447,2023-07-17 10:45:00
20981217.53,2023-07-17 11:00:00
20981244.547,2023-07-17 11:15:00
20981271.869,2023-07-17 11:30:00
20981299.57,2023-07-17 11:45:00
20981326.843,2023-07-17 12:00:00
20981353.393,2023-07-17 12:15:00
20981380.153,2023-07-17 12:30:00
20981406.198,2023-07-17 12:45:00
20981432.387,2023-07-17 13:00:00
20981458.984,2023-07-17 13:15:00
20981485.445,2023-07-17 13:30:00
20981511.696,2023-07-17 13:45:00
20981538.304,2023-07-17 14:00:00
20981565.575,2023-07-17 14:15:00
20981592.774,2023-07-17 14:30:00
20981619.791,2023-07-17 14:45:00
20981647.732,2023-07-17 15:00:00
20981674.768,2023-07-17 15:15:00
20981701.408,2023-07-17 15:30:00
20981728.357,2023-07-17 15:45:00
20981754.877,2023-07-17 16:00:00
20981781.356,2023-07-17 16:15:00
20981808.485,2023-07-17 16:30:00
20981835.84,2023-07-17 16:45:00
20981862.32,2023-07-17 17:00:00
20981888.827,2023-07-17 17:15:00
20981914.304,2023-07-17 17:30:00
20981939.526,2023-07-17 17:45:00
20981964.697,2023-07-17 18:00:00
20981990.274,2023-07-17 18:15:00
20982015.999,2023-07-17 18:30:00
20982041.975,2023-07-17 18:45:00
20982068.126,2023-07-17 19:00:00
20982094.126,2023-07-17 19:15:00
20982120.066,2023-07-17 19:30:00
20982145.5,2023-07-17 19:45:00
20982171.614,2023-07-17 20:00:00
20982197.773,2023-07-17 20:15:00
20982223.375,2023-07-17 20:30:00
20982249.044,2023-07-17 20:45:00
20982274.521,2023-07-17 21:00:00
20982300.432,2023-07-17 21:15:00
20982326.41,2023-07-17 21:30:00
20982352.52,2023-07-17 21:45:00
20982378.601,2023-07-17 22:00:00
20982404.473,2023-07-17 22:15:00
20982430.134,2023-07-17 22:30:00
20982455.666,2023-07-17 22:45:00
20982481.378,2023-07-17 23:00:00
20982506.962,2023-07-17 23:15:00
20982532.503,2023-07-17 23:30:00
20982558.381,2023-07-17 23:45:00
20982584.252,2023-07-18 00:00:00
20982610.118,2023-07-18 00:15:00
20982635.699,2023-07-18 00:30:00
20982661.36,2023-07-18 00:45:00
20982687.078,2023-07-18 01:00:00
20982712.483,2023-07-18 01:15:00
20982738.016,2023-07-18 01:30:00
20982763.41,2023-07-18 01:45:00
20982788.805,2023-07-18 02:00:00
20982814.178,2023-07-18 02:15:00
20982839.325,2023-07-18 02:30:00
20982864.332,2023-07-18 02:45:00
20982889.632,2023-07-18 03:00:00
20982915.248,2023-07-18 03:15:00
20982940.555,2023-07-18 03:30:00
20982965.631,2023-07-18 03:45:00
20982990.733,2023-07-18 04:00:00
20983015.854,2023-07-18 04:15:00
20983040.728,2023-07-18 04:30:00
20983065.532,2023-07-18 04:45:00
20983090.676,2023-07-18 05:00:00
20983115.555,2023-07-18 05:15:00
20983140.463,2023-07-18 05:30:00
20983165.92,2023-07-18 05:45:00
20983191.138,2023-07-18 06:00:00
20983216.208,2023-07-18 06:15:00
20983241.18,2023-07-18 06:30:00
20983266.308,2023-07-18 06:45:00
20983290.755,2023-07-18 07:00:00
20983315.268,2023-07-18 07:15:00
20983340.333,2023-07-18 07:30:00
20983364.993,2023-07-18 07:45:00
20983389.76,2023-07-18 08:00:00
20983414.91,2023-07-18 08:15:00
20983439.952,2023-07-18 08:30:00
20983465.216,2023-07-18 08:45:00
20983490.877,2023-07-18 09:00:00
20983516.819,2023-07-18 09:15:00
20983542.824,2023-07-18 09:30:00
20983569.2,2023-07-18 09:45:00
20983596.169,2023-07-18 10:00:00
20983623.031,2023-07-18 10:15:00
20983649.724,2023-07-18 10:30:00
20983677.259,2023-07-18 10:45:00
20983704.706,2023-07-18 11:00:00
20983732.181,2023-07-18 11:15:00
20983759.665,2023-07-18 11:30:00
20983786.745,2023-07-18 11:45:00
20983813.415,2023-07-18 12:00:00
20983840.07,2023-07-18 12:15:00
20983867.268,2023-07-18 12:30:00
20983893.931,2023-07-18 12:45:00
20983920.836,2023-07-18 13:00:00
20983947.82,2023-07-18 13:15:00
20983975.506,2023-07-18 13:30:00
20984003.404,2023-07-18 13:45:00
20984030.921,2023-07-18 14:00:00
20984058.22,2023-07-18 14:15:00
20984085.402,2023-07-18 14:30:00
20984112.21,2023-07-18 14:45:00
20984139.272,2023-07-18 15:00:00
20984166.658,2023-07-18 15:15:00
20984193.886,2023-07-18 15:30:00
20984221.25,2023-07-18 15:45:00
20984249.047,2023-07-18 16:00:00
20984276.751,2023-07-18 16:15:00
20984304.029,2023-07-18 16:30:00
20984331.328,2023-07-18 16:45:00
20984358.137,2023-07-18 17:00:00
20984384.572,2023-07-18 17:15:00
20984411.147,2023-07-18 17:30:00
20984437.567,2023-07-18 17:45:00
20984463.557,2023-07-18 18:00:00
20984489.499,2023-07-18 18:15:00
20984515.125,2023-07-18 18:30:00
20984540.935,2023-07-18 18:45:00
20984567.123,2023-07-18 19:00:00
20984593.449,2023-07-18 19:15:00
20984619.567,2023-07-18 19:30:00
20984645.771,2023-07-18 19:45:00
20984671.906,2023-07-18 20:00:00
20984697.554,2023-07-18 20:15:00
20984723.138,2023-07-18 20:30:00
20984748.97,2023-07-18 20:45:00
20984774.505,2023-07-18 21:00:00
20984800.008,2023-07-18 21:15:00
20984825.897,2023-07-18 21:30:00
20984851.938,2023-07-18 21:45:00
20984877.352,2023-07-18 22:00:00
20984902.477,2023-07-18 22:15:00
20984928.115,2023-07-18 22:30:00
20984953.381,2023-07-18 22:45:00
20984978.309,2023-07-18 23:00:00
20985003.283,2023-07-18 23:15:00
20985028.255,2023-07-18 23:30:00
20985053.277,2023-07-18 23:45:00
20985078.244,2023-07-19 00:00:00
20985103.89,2023-07-19 00:15:00
20985129.114,2023-07-19 00:30:00
20985154.349,2023-07-19 00:45:00
20985180.061,2023-07-19 01:00:00
20985205.312,2023-07-19 01:15:00
20985230.087,2023-07-19 01:30:00
20985255.269,2023-07-19 01:45:00
20985280.242,2023-07-19 02:00:00
20985304.911,2023-07-19 02:15:00
20985329.689,2023-07-19 02:30:00
20985355.142,2023-07-19 02:45:00
20985380.248,2023-07-19 03:00:00
20985405.344,2023-07-19 03:15:00
20985430.57,2023-07-19 03:30:00
20985455.695,2023-07-19 03:45:00
20985480.377,2023-07-19 04:00:00
20985505.177,2023-07-19 04:15:00
20985530.194,2023-07-19 04:30:00
20985555.435,2023-07-19 04:45:00
20985580.335,2023-07-19 05:00:00
20985605.414,2023-07-19 05:15:00
20985630.283,2023-07-19 05:30:00
20985654.83,2023-07-19 05:45:00
20985679.546,2023-07-19 06:00:00
20985704.443,2023-07-19 06:15:00
20985729.232,2023-07-19 06:30:00
20985754.383,2023-07-19 06:45:00
20985779.649,2023-07-19 07:00:00
20985804.679,2023-07-19 07:15:00
20985829.2,2023-07-19 07:30:00
20985853.509,2023-07-19 07:45:00
20985878.466,2023-07-19 08:00:00
20985903.56,2023-07-19 08:15:00
20985928.529,2023-07-19 08:30:00
20985953.701,2023-07-19 08:45:00
20985979.01,2023-07-19 09:00:00
20986004.528,2023-07-19 09:15:00
20986030.008,2023-07-19 09:30:00
20986056.295,2023-07-19 09:45:00
20986082.646,2023-07-19 10:00:00
20986108.677,2023-07-19 10:15:00
20986134.858,2023-07-19 10:30:00
20986161.22,2023-07-19 10:45:00
20986187.267,2023-07-19 11:00:00
20986213.324,2023-07-19 11:15:00
20986239.436,2023-07-19 11:30:00
20986265.613,2023-07-19 11:45:00
20986292.08,2023-07-19 12:00:00
20986318.691,2023-07-19 12:15:00
20986345.157,2023-07-19 12:30:00
20986371.254,2023-07-19 12:45:00
20986397.485,2023-07-19 13:00:00
20986423.28,2023-07-19 13:15:00
20986449.539,2023-07-19 13:30:00
20986475.097,2023-07-19 13:45:00
20986500.753,2023-07-19 14:00:00
20986526.373,2023-07-19 14:15:00
20986552.405,2023-07-19 14:30:00
20986578.678,2023-07-19 14:45:00
20986604.558,2023-07-19 15:00:00
20986630.933,2023-07-19 15:15:00
20986657.326,2023-07-19 15:30:00
20986683.126,2023-07-19 15:45:00
20986708.892,2023-07-19 16:00:00
20986734.27,2023-07-19 16:15:00
20986759.177,2023-07-19 16:30:00
20986784.126,2023-07-19 16:45:00
20986809.704,2023-07-19 17:00:00
20986835,2023-07-19 17:15:00
20986860.219,2023-07-19 17:30:00
20986885.372,2023-07-19 17:45:00
20986910.043,2023-07-19 18:00:00
20986934.426,2023-07-19 18:15:00
20986959.307,2023-07-19 18:30:00
20986984.356,2023-07-19 18:45:00
20987009.59,2023-07-19 19:00:00
20987034.611,2023-07-19 19:15:00
20987059.751,2023-07-19 19:30:00
20987085.189,2023-07-19 19:45:00
20987110.055,2023-07-19 20:00:00
20987134.723,2023-07-19 20:15:00
20987159.819,2023-07-19 20:30:00
20987184.608,2023-07-19 20:45:00
20987209.607,2023-07-19 21:00:00
20987234.726,2023-07-19 21:15:00
20987259.442,2023-07-19 21:30:00
20987284.207,2023-07-19 21:45:00
20987309.369,2023-07-19 22:00:00
20987334.581,2023-07-19 22:15:00
20987359.913,2023-07-19 22:30:00
20987384.795,2023-07-19 22:45:00
20987409.49,2023-07-19 23:00:00
20987434.054,2023-07-19 23:15:00
20987458.427,2023-07-19 23:30:00
20987483.258,2023-07-19 23:45:00
20987508.219,2023-07-20 00:00:00
20987533.068,2023-07-20 00:15:00
20987558.338,2023-07-20 00:30:00
20987583.166,2023-07-20 00:45:00
20987607.853,2023-07-20 01:00:00
20987632.743,2023-07-20 01:15:00
20987657.477,2023-07-20 01:30:00
20987681.956,2023-07-20 01:45:00
20987706.549,2023-07-20 02:00:00
20987730.915,2023-07-20 02:15:00
20987755.151,2023-07-20 02:30:00
20987779.772,2023-07-20 02:45:00
20987804.971,2023-07-20 03:00:00
20987829.912,2023-07-20 03:15:00
20987854.501,2023-07-20 03:30:00
20987879.374,2023-07-20 03:45:00
20987903.83,2023-07-20 04:00:00
20987928.277,2023-07-20 04:15:00
20987953.263,2023-07-20 04:30:00
20987977.787,2023-07-20 04:45:00
20988002.082,2023-07-20 05:00:00
20988026.727,2023-07-20 05:15:00
20988051.502,2023-07-20 05:30:00
20988076.08,2023-07-20 05:45:00
20988100.949,2023-07-20 06:00:00
20988125.57,2023-07-20 06:15:00
20988150.18,2023-07-20 06:30:00
20988174.885,2023-07-20 06:45:00
20988199.613,2023-07-20 07:00:00
20988224.523,2023-07-20 07:15:00
20988249.406,2023-07-20 07:30:00
20988273.917,2023-07-20 07:45:00
20988298.746,2023-07-20 08:00:00
20988323.663,2023-07-20 08:15:00
20988348.286,2023-07-20 08:30:00
20988373.442,2023-07-20 08:45:00
20988399.082,2023-07-20 09:00:00
20988424.181,2023-07-20 09:15:00
20988449.403,2023-07-20 09:30:00
20988475.443,2023-07-20 09:45:00
20988501.11,2023-07-20 10:00:00
20988526.964,2023-07-20 10:15:00
20988553.583,2023-07-20 10:30:00
20988579.54,2023-07-20 10:45:00
20988605.339,2023-07-20 11:00:00
20988630.936,2023-07-20 11:15:00
20988656.335,2023-07-20 11:30:00
20988681.559,2023-07-20 11:45:00
20988707.211,2023-07-20 12:00:00
20988733.149,2023-07-20 12:15:00
20988759.221,2023-07-20 12:30:00
20988785.837,2023-07-20 12:45:00
20988812.508,2023-07-20 13:00:00
20988838.711,2023-07-20 13:15:00
20988864.643,2023-07-20 13:30:00
20988890.675,2023-07-20 13:45:00
20988917.388,2023-07-20 14:00:00
20988943.735,2023-07-20 14:15:00
20988969.905,2023-07-20 14:30:00
20988996.221,2023-07-20 14:45:00
20989022.563,2023-07-20 15:00:00
20989048.71,2023-07-20 15:15:00
20989075.227,2023-07-20 15:30:00
20989101.922,2023-07-20 15:45:00
20989127.64,2023-07-20 16:00:00
20989153.219,2023-07-20 16:15:00
20989178.61,2023-07-20 16:30:00
20989204.12,2023-07-20 16:45:00
20989229.583,2023-07-20 17:00:00
20989255.089,2023-07-20 17:15:00
20989280.726,2023-07-20 17:30:00
20989306.045,2023-07-20 17:45:00
20989331.559,2023-07-20 18:00:00
20989356.88,2023-07-20 18:15:00
20989382.02,2023-07-20 18:30:00
20989406.633,2023-07-20 18:45:00
20989431.583,2023-07-20 19:00:00
20989456.994,2023-07-20 19:15:00
20989481.866,2023-07-20 19:30:00
20989506.57,2023-07-20 19:45:00
20989531.465,2023-07-20 20:00:00
20989556.53,2023-07-20 20:15:00
20989581.524,2023-07-20 20:30:00
20989606.513,2023-07-20 20:45:00
20989631.57,2023-07-20 21:00:00
20989656.866,2023-07-20 21:15:00
20989681.909,2023-07-20 21:30:00
20989706.819,2023-07-20 21:45:00
20989732.098,2023-07-20 22:00:00
20989757.097,2023-07-20 22:15:00
20989781.919,2023-07-20 22:30:00
20989806.936,2023-07-20 22:45:00
20989831.918,2023-07-20 23:00:00
20989856.962,2023-07-20 23:15:00
20989882.132,2023-07-20 23:30:00
20989907.937,2023-07-20 23:45:00
20989932.646,2023-07-21 00:00:00
20989957.333,2023-07-21 00:15:00
20989982.601,2023-07-21 00:30:00
20990007.407,2023-07-21 00:45:00
20990032.192,2023-07-21 01:00:00
20990057.496,2023-07-21 01:15:00
20990082.787,2023-07-21 01:30:00
20990108.14,2023-07-21 01:45:00
20990133.704,2023-07-21 02:00:00
20990159.355,2023-07-21 02:15:00
20990184.16,2023-07-21 02:30:00
20990209.071,2023-07-21 02:45:00
20990233.987,2023-07-21 03:00:00
20990258.831,2023-07-21 03:15:00
20990284.019,2023-07-21 03:30:00
20990309.146,2023-07-21 03:45:00
20990334.171,2023-07-21 04:00:00
20990359.275,2023-07-21 04:15:00
20990383.922,2023-07-21 04:30:00
20990409.072,2023-07-21 04:45:00
20990433.965,2023-07-21 05:00:00
20990458.635,2023-07-21 05:15:00
20990483.559,2023-07-21 05:30:00
20990509.171,2023-07-21 05:45:00
20990534.168,2023-07-21 06:00:00
20990559.122,2023-07-21 06:15:00
20990584.012,2023-07-21 06:30:00
20990608.923,2023-07-21 06:45:00
20990633.889,2023-07-21 07:00:00
20990659.062,2023-07-21 07:15:00
20990684.559,2023-07-21 07:30:00
20990709.782,2023-07-21 07:45:00
20990735.13,2023-07-21 08:00:00
20990760.293,2023-07-21 08:15:00
20990785.159,2023-07-21 08:30:00
20990810.345,2023-07-21 08:45:00
20990835.799,2023-07-21 09:00:00
20990861.754,2023-07-21 09:15:00
20990887.932,2023-07-21 09:30:00
20990914.129,2023-07-21 09:45:00
20990940.725,2023-07-21 10:00:00
20990965.434,2023-07-21 10:15:00
20990991.256,2023-07-21 10:30:00
20991017.406,2023-07-21 10:45:00
20991043.846,2023-07-21 11:00:00
20991070.109,2023-07-21 11:15:00
20991096.346,2023-07-21 11:30:00
20991123.238,2023-07-21 11:45:00
20991150.038,2023-07-21 12:00:00
20991176.667,2023-07-21 12:15:00
20991203.58,2023-07-21 12:30:00
20991230.056,2023-07-21 12:45:00
20991256.412,2023-07-21 13:00:00
20991283.326,2023-07-21 13:15:00
20991310.202,2023-07-21 13:30:00
20991336.294,2023-07-21 13:45:00
20991362.202,2023-07-21 14:00:00
20991388.582,2023-07-21 14:15:00
20991414.952,2023-07-21 14:30:00
20991441.187,2023-07-21 14:45:00
20991467.43,2023-07-21 15:00:00
20991493.78,2023-07-21 15:15:00
20991520.205,2023-07-21 15:30:00
20991546.54,2023-07-21 15:45:00
20991572.684,2023-07-21 16:00:00
20991599.076,2023-07-21 16:15:00
20991625.53,2023-07-21 16:30:00
20991652.918,2023-07-21 16:45:00
20991680.172,2023-07-21 17:00:00
20991706.453,2023-07-21 17:15:00
20991732.462,2023-07-21 17:30:00
20991758.413,2023-07-21 17:45:00
20991784.43,2023-07-21 18:00:00
20991810.814,2023-07-21 18:15:00
20991837.102,2023-07-21 18:30:00
20991863.205,2023-07-21 18:45:00
20991890.06,2023-07-21 19:00:00
20991916.915,2023-07-21 19:15:00
20991943.398,2023-07-21 19:30:00
20991969.591,2023-07-21 19:45:00
20991995.648,2023-07-21 20:00:00
20992021.207,2023-07-21 20:15:00
20992046.6,2023-07-21 20:30:00
20992071.854,2023-07-21 20:45:00
20992096.759,2023-07-21 21:00:00
20992121.716,2023-07-21 21:15:00
20992147.248,2023-07-21 21:30:00
20992172.675,2023-07-21 21:45:00
20992198.007,2023-07-21 22:00:00
20992223.404,2023-07-21 22:15:00
20992248.227,2023-07-21 22:30:00
20992272.869,2023-07-21 22:45:00
20992297.85,2023-07-21 23:00:00
20992322.772,2023-07-21 23:15:00
20992347.584,2023-07-21 23:30:00
20992372.638,2023-07-21 23:45:00
20992397.831,2023-07-22 00:00:00
20992422.854,2023-07-22 00:15:00
20992448.063,2023-07-22 00:30:00
20992472.846,2023-07-22 00:45:00
20992497.477,2023-07-22 01:00:00
20992522.412,2023-07-22 01:15:00
20992547.313,2023-07-22 01:30:00
20992572.133,2023-07-22 01:45:00
20992596.841,2023-07-22 02:00:00
20992621.123,2023-07-22 02:15:00
20992645.745,2023-07-22 02:30:00
20992670.721,2023-07-22 02:45:00
20992695.474,2023-07-22 03:00:00
20992720.392,2023-07-22 03:15:00
20992744.85,2023-07-22 03:30:00
20992768.966,2023-07-22 03:45:00
20992793.324,2023-07-22 04:00:00
20992818.136,2023-07-22 04:15:00
20992842.857,2023-07-22 04:30:00
20992867.564,2023-07-22 04:45:00
20992892.31,2023-07-22 05:00:00
20992916.674,2023-07-22 05:15:00
20992941.119,2023-07-22 05:30:00
20992966.148,2023-07-22 05:45:00
20992990.729,2023-07-22 06:00:00
20993015.192,2023-07-22 06:15:00
20993039.753,2023-07-22 06:30:00
20993063.701,2023-07-22 06:45:00
20993087.918,2023-07-22 07:00:00
20993112.747,2023-07-22 07:15:00
20993137.361,2023-07-22 07:30:00
20993162.221,2023-07-22 07:45:00
20993187.201,2023-07-22 08:00:00
20993211.528,2023-07-22 08:15:00
20993235.688,2023-07-22 08:30:00
20993260.305,2023-07-22 08:45:00
20993284.827,2023-07-22 09:00:00
20993309.421,2023-07-22 09:15:00
20993334.031,2023-07-22 09:30:00
20993358.269,2023-07-22 09:45:00
20993382.153,2023-07-22 10:00:00
20993406.999,2023-07-22 10:15:00
20993432.407,2023-07-22 10:30:00
20993457.892,2023-07-22 10:45:00
20993482.77,2023-07-22 11:00:00
20993507.478,2023-07-22 11:15:00
20993532.167,2023-07-22 11:30:00
20993556.433,2023-07-22 11:45:00
20993580.871,2023-07-22 12:00:00
20993606.115,2023-07-22 12:15:00
20993630.882,2023-07-22 12:30:00
20993655.26,2023-07-22 12:45:00
20993680.232,2023-07-22 13:00:00
20993705.33,2023-07-22 13:15:00
20993730.203,2023-07-22 13:30:00
20993755.249,2023-07-22 13:45:00
20993780.045,2023-07-22 14:00:00
20993804.732,2023-07-22 14:15:00
20993829.442,2023-07-22 14:30:00
20993854.103,2023-07-22 14:45:00
20993879.081,2023-07-22 15:00:00
20993903.536,2023-07-22 15:15:00
20993928.344,2023-07-22 15:30:00
20993953.387,2023-07-22 15:45:00
20993977.958,2023-07-22 16:00:00
20994002.189,2023-07-22 16:15:00
20994026.81,2023-07-22 16:30:00
20994051.638,2023-07-22 16:45:00
20994076.345,2023-07-22 17:00:00
20994101.106,2023-07-22 17:15:00
20994125.534,2023-07-22 17:30:00
20994150.27,2023-07-22 17:45:00
20994175.357,2023-07-22 18:00:00
20994200.079,2023-07-22 18:15:00
20994224.767,2023-07-22 18:30:00
20994249.806,2023-07-22 18:45:00
20994274.419,2023-07-22 19:00:00
20994298.958,2023-07-22 19:15:00
20994323.576,2023-07-22 19:30:00
20994348.284,2023-07-22 19:45:00
20994373.301,2023-07-22 20:00:00
20994398.154,2023-07-22 20:15:00
20994423.27,2023-07-22 20:30:00
20994447.874,2023-07-22 20:45:00
20994472.481,2023-07-22 21:00:00
20994497.25,2023-07-22 21:15:00
20994522.095,2023-07-22 21:30:00
20994546.769,2023-07-22 21:45:00
20994571.358,2023-07-22 22:00:00
20994595.823,2023-07-22 22:15:00
20994619.597,2023-07-22 22:30:00
20994644.023,2023-07-22 22:45:00
20994668.879,2023-07-22 23:00:00
20994693.688,2023-07-22 23:15:00
20994718.311,2023-07-22 23:30:00
20994742.539,2023-07-22 23:45:00
20994766.395,2023-07-23 00:00:00
20994790.772,2023-07-23 00:15:00
20994815.377,2023-07-23 00:30:00
20994839.93,2023-07-23 00:45:00
20994864.397,2023-07-23 01:00:00
20994888.485,2023-07-23 01:15:00
20994912.812,2023-07-23 01:30:00
20994937.294,2023-07-23 01:45:00
20994961.923,2023-07-23 02:00:00
20994986.508,2023-07-23 02:15:00
20995010.857,2023-07-23 02:30:00
20995035.433,2023-07-23 02:45:00
20995059.902,2023-07-23 03:00:00
20995084.312,2023-07-23 03:15:00
20995109.012,2023-07-23 03:30:00
20995133.874,2023-07-23 03:45:00
20995158.143,2023-07-23 04:00:00
20995182.377,2023-07-23 04:15:00
20995206.844,2023-07-23 04:30:00
20995231.183,2023-07-23 04:45:00
20995255.727,2023-07-23 05:00:00
20995280.301,2023-07-23 05:15:00
20995304.461,2023-07-23 05:30:00
20995328.771,2023-07-23 05:45:00
20995352.919,2023-07-23 06:00:00
20995377.183,2023-07-23 06:15:00
20995401.682,2023-07-23 06:30:00
20995425.788,2023-07-23 06:45:00
20995449.948,2023-07-23 07:00:00
20995474.121,2023-07-23 07:15:00
20995498.386,2023-07-23 07:30:00
20995522.848,2023-07-23 07:45:00
20995547.139,2023-07-23 08:00:00
20995571.307,2023-07-23 08:15:00
20995595.489,2023-07-23 08:30:00
20995619.707,2023-07-23 08:45:00
20995643.75,2023-07-23 09:00:00
20995668.179,2023-07-23 09:15:00
20995692.432,2023-07-23 09:30:00
20995716.837,2023-07-23 09:45:00
20995741.117,2023-07-23 10:00:00
20995765.891,2023-07-23 10:15:00
20995790.797,2023-07-23 10:30:00
20995815.372,2023-07-23 10:45:00
20995839.954,2023-07-23 11:00:00
20995864.798,2023-07-23 11:15:00
20995888.874,2023-07-23 11:30:00
20995913.194,2023-07-23 11:45:00
20995937.808,2023-07-23 12:00:00
20995962.559,2023-07-23 12:15:00
20995987.87,2023-07-23 12:30:00
20996012.915,2023-07-23 12:45:00
20996037.791,2023-07-23 13:00:00
20996062.642,2023-07-23 13:15:00
20996087.383,2023-07-23 13:30:00
20996112.615,2023-07-23 13:45:00
20996138.343,2023-07-23 14:00:00
20996163.798,2023-07-23 14:15:00
20996189.155,2023-07-23 14:30:00
20996214.545,2023-07-23 14:45:00
20996239.632,2023-07-23 15:00:00
20996264.911,2023-07-23 15:15:00
20996289.81,2023-07-23 15:30:00
20996315.018,2023-07-23 15:45:00
20996340.34,2023-07-23 16:00:00
20996365.753,2023-07-23 16:15:00
20996391.232,2023-07-23 16:30:00
20996416.895,2023-07-23 16:45:00
20996441.818,2023-07-23 17:00:00
20996466.665,2023-07-23 17:15:00
20996492.396,2023-07-23 17:30:00
20996517.884,2023-07-23 17:45:00
20996543.186,2023-07-23 18:00:00
20996568.33,2023-07-23 18:15:00
20996593.241,2023-07-23 18:30:00
20996618.231,2023-07-23 18:45:00
20996643.044,2023-07-23 19:00:00
20996668.074,2023-07-23 19:15:00
20996693.297,2023-07-23 19:30:00
20996718.597,2023-07-23 19:45:00
20996744.175,2023-07-23 20:00:00
20996769.703,2023-07-23 20:15:00
20996794.578,2023-07-23 20:30:00
20996819.399,2023-07-23 20:45:00
20996844.052,2023-07-23 21:00:00
20996868.583,2023-07-23 21:15:00
20996893.489,2023-07-23 21:30:00
20996918.329,2023-07-23 21:45:00
20996943.123,2023-07-23 22:00:00
20996968.287,2023-07-23 22:15:00
20996993.25,2023-07-23 22:30:00
20997018.095,2023-07-23 22:45:00
20997043.505,2023-07-23 23:00:00
20997068.822,2023-07-23 23:15:00
20997094.105,2023-07-23 23:30:00
20997119.738,2023-07-23 23:45:00
20997145.23,2023-07-24 00:00:00
20997170.137,2023-07-24 00:15:00
20997194.714,2023-07-24 00:30:00
20997219.468,2023-07-24 00:45:00
20997244.44,2023-07-24 01:00:00
20997269.207,2023-07-24 01:15:00
20997293.977,2023-07-24 01:30:00
20997318.826,2023-07-24 01:45:00
20997343.343,2023-07-24 02:00:00
20997368.014,2023-07-24 02:15:00
20997392.782,2023-07-24 02:30:00
20997417.385,2023-07-24 02:45:00
20997442.16,2023-07-24 03:00:00
20997466.835,2023-07-24 03:15:00
20997491.454,2023-07-24 03:30:00
20997516.278,2023-07-24 03:45:00
20997541.017,2023-07-24 04:00:00
20997565.611,2023-07-24 04:15:00
20997590.388,2023-07-24 04:30:00
20997614.779,2023-07-24 04:45:00
20997638.951,2023-07-24 05:00:00
20997663.508,2023-07-24 05:15:00
20997687.954,2023-07-24 05:30:00
20997712.878,2023-07-24 05:45:00
20997737.919,2023-07-24 06:00:00
20997762.406,2023-07-24 06:15:00
20997786.952,2023-07-24 06:30:00
20997811.666,2023-07-24 06:45:00
20997835.957,2023-07-24 07:00:00
20997860.418,2023-07-24 07:15:00
20997884.902,2023-07-24 07:30:00
20997908.781,2023-07-24 07:45:00
20997933.229,2023-07-24 08:00:00
20997957.705,2023-07-24 08:15:00
20997982.189,2023-07-24 08:30:00
20998007.429,2023-07-24 08:45:00
20998033.079,2023-07-24 09:00:00
20998058.423,2023-07-24 09:15:00
20998083.951,2023-07-24 09:30:00
20998109.278,2023-07-24 09:45:00
20998134.924,2023-07-24 10:00:00
20998161.153,2023-07-24 10:15:00
20998187.706,2023-07-24 10:30:00
20998214.12,2023-07-24 10:45:00
20998240.672,2023-07-24 11:00:00
20998267.147,2023-07-24 11:15:00
20998293.814,2023-07-24 11:30:00
20998320.696,2023-07-24 11:45:00
20998347.281,2023-07-24 12:00:00
20998373.553,2023-07-24 12:15:00
20998399.786,2023-07-24 12:30:00
20998425.697,2023-07-24 12:45:00
20998451.74,2023-07-24 13:00:00
20998477.617,2023-07-24 13:15:00
20998503.258,2023-07-24 13:30:00
20998528.914,2023-07-24 13:45:00
20998554.986,2023-07-24 14:00:00
20998581.538,2023-07-24 14:15:00
20998607.675,2023-07-24 14:30:00
20998633.674,2023-07-24 14:45:00
20998659.896,2023-07-24 15:00:00
20998685.634,2023-07-24 15:15:00
20998711.253,2023-07-24 15:30:00
20998737.377,2023-07-24 15:45:00
20998763.518,2023-07-24 16:00:00
20998789.92,2023-07-24 16:15:00
20998817.049,2023-07-24 16:30:00
20998843.537,2023-07-24 16:45:00
20998869.787,2023-07-24 17:00:00
20998895.912,2023-07-24 17:15:00
20998921.668,2023-07-24 17:30:00
20998946.92,2023-07-24 17:45:00
20998972.251,2023-07-24 18:00:00
20998997.617,2023-07-24 18:15:00
20999022.877,2023-07-24 18:30:00
20999048.439,2023-07-24 18:45:00
20999073.965,2023-07-24 19:00:00
20999099.965,2023-07-24 19:15:00
20999125.977,2023-07-24 19:30:00
20999151.603,2023-07-24 19:45:00
20999177.062,2023-07-24 20:00:00
20999202.398,2023-07-24 20:15:00
20999227.191,2023-07-24 20:30:00
20999252.6,2023-07-24 20:45:00
20999278.062,2023-07-24 21:00:00
20999303.358,2023-07-24 21:15:00
20999328.991,2023-07-24 21:30:00
20999355.033,2023-07-24 21:45:00
20999380.795,2023-07-24 22:00:00
20999406.373,2023-07-24 22:15:00
20999432.144,2023-07-24 22:30:00
20999457.266,2023-07-24 22:45:00
20999482.502,2023-07-24 23:00:00
20999508.505,2023-07-24 23:15:00
20999533.72,2023-07-24 23:30:00
20999558.396,2023-07-24 23:45:00
20999583.312,2023-07-25 00:00:00
20999607.978,2023-07-25 00:15:00
20999632.604,2023-07-25 00:30:00
20999657.645,2023-07-25 00:45:00
20999682.379,2023-07-25 01:00:00
20999707.191,2023-07-25 01:15:00
20999731.966,2023-07-25 01:30:00
20999756.757,2023-07-25 01:45:00
20999780.925,2023-07-25 02:00:00
20999805.353,2023-07-25 02:15:00
20999830.279,2023-07-25 02:30:00
20999855.225,2023-07-25 02:45:00
20999880.205,2023-07-25 03:00:00
20999905.352,2023-07-25 03:15:00
20999929.957,2023-07-25 03:30:00
20999954.102,2023-07-25 03:45:00
20999978.664,2023-07-25 04:00:00
21000003.146,2023-07-25 04:15:00
21000027.732,2023-07-25 04:30:00
21000052.397,2023-07-25 04:45:00
21000077.047,2023-07-25 05:00:00
21000101.365,2023-07-25 05:15:00
21000126.124,2023-07-25 05:30:00
21000151.076,2023-07-25 05:45:00
21000176.093,2023-07-25 06:00:00
21000200.535,2023-07-25 06:15:00
21000224.67,2023-07-25 06:30:00
21000248.762,2023-07-25 06:45:00
21000272.986,2023-07-25 07:00:00
21000297.341,2023-07-25 07:15:00
21000322.138,2023-07-25 07:30:00
21000347.047,2023-07-25 07:45:00
21000371.669,2023-07-25 08:00:00
21000396.275,2023-07-25 08:15:00
21000421.518,2023-07-25 08:30:00
21000446.473,2023-07-25 08:45:00
21000471.535,2023-07-25 09:00:00
21000497.281,2023-07-25 09:15:00
21000522.556,2023-07-25 09:30:00
21000547.808,2023-07-25 09:45:00
21000573.332,2023-07-25 10:00:00
21000598.558,2023-07-25 10:15:00
21000623.88,2023-07-25 10:30:00
21000649.548,2023-07-25 10:45:00
21000675.056,2023-07-25 11:00:00
21000700.537,2023-07-25 11:15:00
21000725.881,2023-07-25 11:30:00
21000751.244,2023-07-25 11:45:00
21000776.617,2023-07-25 12:00:00
21000802.276,2023-07-25 12:15:00
21000827.964,2023-07-25 12:30:00
21000853.56,2023-07-25 12:45:00
21000879.403,2023-07-25 13:00:00
21000905.002,2023-07-25 13:15:00
21000930.52,2023-07-25 13:30:00
21000955.927,2023-07-25 13:45:00
21000981.025,2023-07-25 14:00:00
21001006.638,2023-07-25 14:15:00
21001032.895,2023-07-25 14:30:00
21001059.051,2023-07-25 14:45:00
21001085.241,2023-07-25 15:00:00
21001111.64,2023-07-25 15:15:00
21001138.168,2023-07-25 15:30:00
21001164.775,2023-07-25 15:45:00
21001191.661,2023-07-25 16:00:00
21001218.174,2023-07-25 16:15:00
21001244.056,2023-07-25 16:30:00
21001270.449,2023-07-25 16:45:00
21001296.742,2023-07-25 17:00:00
21001322.973,2023-07-25 17:15:00
21001349.065,2023-07-25 17:30:00
21001375.307,2023-07-25 17:45:00
21001401.885,2023-07-25 18:00:00
21001428.539,2023-07-25 18:15:00
21001455.504,2023-07-25 18:30:00
21001481.782,2023-07-25 18:45:00
21001507.683,2023-07-25 19:00:00
21001534.138,2023-07-25 19:15:00
21001560.841,2023-07-25 19:30:00
21001586.771,2023-07-25 19:45:00
21001612.64,2023-07-25 20:00:00
21001638.22,2023-07-25 20:15:00
21001663.798,2023-07-25 20:30:00
21001689.669,2023-07-25 20:45:00
21001715.343,2023-07-25 21:00:00
21001740.824,2023-07-25 21:15:00
21001766.344,2023-07-25 21:30:00
21001791.674,2023-07-25 21:45:00
21001816.448,2023-07-25 22:00:00
21001841.097,2023-07-25 22:15:00
21001866.206,2023-07-25 22:30:00
21001891.108,2023-07-25 22:45:00
21001915.755,2023-07-25 23:00:00
21001940.683,2023-07-25 23:15:00
21001965.581,2023-07-25 23:30:00
21001990.271,2023-07-25 23:45:00
21002015.009,2023-07-26 00:00:00
21002039.604,2023-07-26 00:15:00
21002063.944,2023-07-26 00:30:00
21002088.629,2023-07-26 00:45:00
21002113.096,2023-07-26 01:00:00
21002137.234,2023-07-26 01:15:00
21002161.639,2023-07-26 01:30:00
21002186.139,2023-07-26 01:45:00
21002210.434,2023-07-26 02:00:00
21002234.768,2023-07-26 02:15:00
21002258.874,2023-07-26 02:30:00
21002283.374,2023-07-26 02:45:00
21002307.97,2023-07-26 03:00:00
21002332.333,2023-07-26 03:15:00
21002356.804,2023-07-26 03:30:00
21002381.634,2023-07-26 03:45:00
21002406.181,2023-07-26 04:00:00
21002430.62,2023-07-26 04:15:00
21002455.152,2023-07-26 04:30:00
21002479.146,2023-07-26 04:45:00
21002503.334,2023-07-26 05:00:00
21002527.89,2023-07-26 05:15:00
21002551.995,2023-07-26 05:30:00
21002576.104,2023-07-26 05:45:00
21002600.579,2023-07-26 06:00:00
21002624.28,2023-07-26 06:15:00
21002648.216,2023-07-26 06:30:00
21002672.922,2023-07-26 06:45:00
21002697.322,2023-07-26 07:00:00
21002721.686,2023-07-26 07:15:00
21002746.049,2023-07-26 07:30:00
21002769.737,2023-07-26 07:45:00
21002793.853,2023-07-26 08:00:00
21002818.625,2023-07-26 08:15:00
21002843.282,2023-07-26 08:30:00
21002867.538,2023-07-26 08:45:00
21002891.882,2023-07-26 09:00:00
21002916.405,2023-07-26 09:15:00
21002941.67,2023-07-26 09:30:00
21002967.443,2023-07-26 09:45:00
21002992.969,2023-07-26 10:00:00
21003018.85,2023-07-26 10:15:00
21003044.925,2023-07-26 10:30:00
21003071.131,2023-07-26 10:45:00
21003097.54,2023-07-26 11:00:00
21003124.303,2023-07-26 11:15:00
21003151.113,2023-07-26 11:30:00
21003177.752,2023-07-26 11:45:00
21003204.263,2023-07-26 12:00:00
21003230.456,2023-07-26 12:15:00
21003256.653,2023-07-26 12:30:00
21003283.129,2023-07-26 12:45:00
21003309.473,2023-07-26 13:00:00
21003336.402,2023-07-26 13:15:00
21003363.347,2023-07-26 13:30:00
21003390.15,2023-07-26 13:45:00
21003416.963,2023-07-26 14:00:00
21003443.669,2023-07-26 14:15:00
21003470.545,2023-07-26 14:30:00
21003497.482,2023-07-26 14:45:00
21003524.163,2023-07-26 15:00:00
21003551.206,2023-07-26 15:15:00
21003578.12,2023-07-26 15:30:00
21003605.222,2023-07-26 15:45:00
21003631.85,2023-07-26 16:00:00
21003658.362,2023-07-26 16:15:00
21003685.392,2023-07-26 16:30:00
21003712.05,2023-07-26 16:45:00
21003738.451,2023-07-26 17:00:00
21003765.103,2023-07-26 17:15:00
21003791.138,2023-07-26 17:30:00
21003817.129,2023-07-26 17:45:00
21003843.327,2023-07-26 18:00:00
21003869.709,2023-07-26 18:15:00
21003896.001,2023-07-26 18:30:00
21003922.186,2023-07-26 18:45:00
21003948.652,2023-07-26 19:00:00
21003974.668,2023-07-26 19:15:00
21004000.177,2023-07-26 19:30:00
21004025.852,2023-07-26 19:45:00
21004051.612,2023-07-26 20:00:00
21004077.05,2023-07-26 20:15:00
21004102.513,2023-07-26 20:30:00
21004128.096,2023-07-26 20:45:00
21004153.535,2023-07-26 21:00:00
21004179.158,2023-07-26 21:15:00
21004204.861,2023-07-26 21:30:00
21004230.323,2023-07-26 21:45:00
21004255.74,2023-07-26 22:00:00
21004281.111,2023-07-26 22:15:00
21004306.565,2023-07-26 22:30:00
21004331.851,2023-07-26 22:45:00
21004357.237,2023-07-26 23:00:00
21004382.747,2023-07-26 23:15:00
21004408.067,2023-07-26 23:30:00
21004433.818,2023-07-26 23:45:00
21004459.529,2023-07-27 00:00:00
21004485.152,2023-07-27 00:15:00
21004510.496,2023-07-27 00:30:00
21004535.682,2023-07-27 00:45:00
21004561.094,2023-07-27 01:00:00
21004586.376,2023-07-27 01:15:00
21004611.287,2023-07-27 01:30:00
21004636.252,2023-07-27 01:45:00
21004661.635,2023-07-27 02:00:00
21004687.197,2023-07-27 02:15:00
21004712.705,2023-07-27 02:30:00
21004738.283,2023-07-27 02:45:00
21004763.171,2023-07-27 03:00:00
21004788.003,2023-07-27 03:15:00
21004813.115,2023-07-27 03:30:00
21004837.899,2023-07-27 03:45:00
21004862.77,2023-07-27 04:00:00
21004887.755,2023-07-27 04:15:00
21004912.871,2023-07-27 04:30:00
21004938.099,2023-07-27 04:45:00
21004963.51,2023-07-27 05:00:00
21004988.731,2023-07-27 05:15:00
21005013.55,2023-07-27 05:30:00
21005038.496,2023-07-27 05:45:00
21005063.54,2023-07-27 06:00:00
21005088.409,2023-07-27 06:15:00
21005113.404,2023-07-27 06:30:00
21005138.301,2023-07-27 06:45:00
21005163.665,2023-07-27 07:00:00
21005189.097,2023-07-27 07:15:00
21005207.847,2023-07-27 07:30:00
21005214.872,2023-07-27 07:45:00
21005221.967,2023-07-27 08:00:00
21005229.165,2023-07-27 08:15:00
21005236.335,2023-07-27 08:30:00
21005243.465,2023-07-27 08:45:00
21005263.583,2023-07-27 09:00:00
21005291.622,2023-07-27 09:15:00
21005319.773,2023-07-27 09:30:00
21005347.835,2023-07-27 09:45:00
21005375.389,2023-07-27 10:00:00
21005402.242,2023-07-27 10:15:00
21005429.147,2023-07-27 10:30:00
21005456.539,2023-07-27 10:45:00
21005483.699,2023-07-27 11:00:00
21005510.922,2023-07-27 11:15:00
21005538.244,2023-07-27 11:30:00
21005565.584,2023-07-27 11:45:00
21005593.52,2023-07-27 12:00:00
21005621.579,2023-07-27 12:15:00
21005648.91,2023-07-27 12:30:00
21005675.206,2023-07-27 12:45:00
21005701.877,2023-07-27 13:00:00
21005729.176,2023-07-27 13:15:00
21005756.646,2023-07-27 13:30:00
21005784.454,2023-07-27 13:45:00
21005812.011,2023-07-27 14:00:00
21005839.425,2023-07-27 14:15:00
21005867.119,2023-07-27 14:30:00
21005894.676,2023-07-27 14:45:00
21005922.129,2023-07-27 15:00:00
21005949.545,2023-07-27 15:15:00
21005976.582,2023-07-27 15:30:00
21006003.374,2023-07-27 15:45:00
21006030.185,2023-07-27 16:00:00
21006057.012,2023-07-27 16:15:00
21006083.977,2023-07-27 16:30:00
21006110.576,2023-07-27 16:45:00
21006136.938,2023-07-27 17:00:00
21006163.438,2023-07-27 17:15:00
21006189.906,2023-07-27 17:30:00
21006215.916,2023-07-27 17:45:00
21006241.695,2023-07-27 18:00:00
21006267.525,2023-07-27 18:15:00
21006293.423,2023-07-27 18:30:00
21006318.89,2023-07-27 18:45:00
21006344.593,2023-07-27 19:00:00
21006370.53,2023-07-27 19:15:00
21006396.455,2023-07-27 19:30:00
21006422.324,2023-07-27 19:45:00
21006448.635,2023-07-27 20:00:00
21006474.749,2023-07-27 20:15:00
21006500.629,2023-07-27 20:30:00
21006526.41,2023-07-27 20:45:00
21006551.687,2023-07-27 21:00:00
21006577.112,2023-07-27 21:15:00
21006602.527,2023-07-27 21:30:00
21006627.95,2023-07-27 21:45:00
21006653.209,2023-07-27 22:00:00
21006678.717,2023-07-27 22:15:00
21006704.27,2023-07-27 22:30:00
21006729.797,2023-07-27 22:45:00
21006755.386,2023-07-27 23:00:00
21006781.005,2023-07-27 23:15:00
21006806.258,2023-07-27 23:30:00
21006831.422,2023-07-27 23:45:00
21006856.77,2023-07-28 00:00:00
21006882.576,2023-07-28 00:15:00
21006908.274,2023-07-28 00:30:00
21006934.293,2023-07-28 00:45:00
21006959.805,2023-07-28 01:00:00
21006985.702,2023-07-28 01:15:00
21007011.68,2023-07-28 01:30:00
21007036.86,2023-07-28 01:45:00
21007062.109,2023-07-28 02:00:00
21007087.927,2023-07-28 02:15:00
21007113.237,2023-07-28 02:30:00
21007138.411,2023-07-28 02:45:00
21007164.136,2023-07-28 03:00:00
21007189.418,2023-07-28 03:15:00
21007214.876,2023-07-28 03:30:00
21007240.734,2023-07-28 03:45:00
21007266.444,2023-07-28 04:00:00
21007291.771,2023-07-28 04:15:00
21007317.366,2023-07-28 04:30:00
21007342.767,2023-07-28 04:45:00
21007368.121,2023-07-28 05:00:00
21007393.462,2023-07-28 05:15:00
21007418.737,2023-07-28 05:30:00
21007443.558,2023-07-28 05:45:00
21007468.794,2023-07-28 06:00:00
21007494.081,2023-07-28 06:15:00
21007519.223,2023-07-28 06:30:00
21007544.064,2023-07-28 06:45:00
21007569.141,2023-07-28 07:00:00
21007593.952,2023-07-28 07:15:00
21007618.74,2023-07-28 07:30:00
21007643.823,2023-07-28 07:45:00
21007668.562,2023-07-28 08:00:00
21007693.374,2023-07-28 08:15:00
21007718.807,2023-07-28 08:30:00
21007744.472,2023-07-28 08:45:00
21007769.63,2023-07-28 09:00:00
21007794.773,2023-07-28 09:15:00
21007820.065,2023-07-28 09:30:00
21007845.453,2023-07-28 09:45:00
21007870.814,2023-07-28 10:00:00
21007896.339,2023-07-28 10:15:00
21007921.98,2023-07-28 10:30:00
21007947.826,2023-07-28 10:45:00
21007974.323,2023-07-28 11:00:00
21008001.082,2023-07-28 11:15:00
21008027.93,2023-07-28 11:30:00
21008054.452,2023-07-28 11:45:00
21008081.049,2023-07-28 12:00:00
21008107.241,2023-07-28 12:15:00
21008133.881,2023-07-28 12:30:00
21008160.499,2023-07-28 12:45:00
21008187.408,2023-07-28 13:00:00
21008213.931,2023-07-28 13:15:00
21008241.107,2023-07-28 13:30:00
21008268.463,2023-07-28 13:45:00
21008295.662,2023-07-28 14:00:00
21008322.947,2023-07-28 14:15:00
21008350.175,2023-07-28 14:30:00
21008377.177,2023-07-28 14:45:00
21008404.064,2023-07-28 15:00:00
21008431.243,2023-07-28 15:15:00
21008458.705,2023-07-28 15:30:00
21008486.078,2023-07-28 15:45:00
21008513.525,2023-07-28 16:00:00
21008541.154,2023-07-28 16:15:00
21008569.038,2023-07-28 16:30:00
21008596.332,2023-07-28 16:45:00
21008623.764,2023-07-28 17:00:00
21008650.586,2023-07-28 17:15:00
21008677.453,2023-07-28 17:30:00
21008704.34,2023-07-28 17:45:00
21008730.76,2023-07-28 18:00:00
21008757.196,2023-07-28 18:15:00
21008784.084,2023-07-28 18:30:00
21008810.9,2023-07-28 18:45:00
21008837.454,2023-07-28 19:00:00
21008863.446,2023-07-28 19:15:00
21008889.642,2023-07-28 19:30:00
21008915.463,2023-07-28 19:45:00
21008941.318,2023-07-28 20:00:00
21008967.237,2023-07-28 20:15:00
21008993.088,2023-07-28 20:30:00
21009018.692,2023-07-28 20:45:00
21009044.615,2023-07-28 21:00:00
21009070.574,2023-07-28 21:15:00
21009096.327,2023-07-28 21:30:00
21009122.304,2023-07-28 21:45:00
21009147.732,2023-07-28 22:00:00
21009173.175,2023-07-28 22:15:00
21009198.681,2023-07-28 22:30:00
21009224.109,2023-07-28 22:45:00
21009249.28,2023-07-28 23:00:00
21009274.305,2023-07-28 23:15:00
21009299.072,2023-07-28 23:30:00
21009324.636,2023-07-28 23:45:00
21009350.503,2023-07-29 00:00:00
21009376.06,2023-07-29 00:15:00
21009401.438,2023-07-29 00:30:00
21009427.195,2023-07-29 00:45:00
21009452.162,2023-07-29 01:00:00
21009477.015,2023-07-29 01:15:00
21009501.939,2023-07-29 01:30:00
21009527.123,2023-07-29 01:45:00
21009552.476,2023-07-29 02:00:00
21009578.27,2023-07-29 02:15:00
21009604.103,2023-07-29 02:30:00
21009629.697,2023-07-29 02:45:00
21009654.928,2023-07-29 03:00:00
21009679.726,2023-07-29 03:15:00
21009704.737,2023-07-29 03:30:00
21009730.002,2023-07-29 03:45:00
21009755.448,2023-07-29 04:00:00
21009780.68,2023-07-29 04:15:00
21009805.885,2023-07-29 04:30:00
21009831.071,2023-07-29 04:45:00
21009856.436,2023-07-29 05:00:00
21009881.751,2023-07-29 05:15:00
21009906.999,2023-07-29 05:30:00
21009931.954,2023-07-29 05:45:00
21009957.105,2023-07-29 06:00:00
21009981.877,2023-07-29 06:15:00
21010006.438,2023-07-29 06:30:00
21010031.197,2023-07-29 06:45:00
21010056.633,2023-07-29 07:00:00
21010081.605,2023-07-29 07:15:00
21010107.091,2023-07-29 07:30:00
21010133.063,2023-07-29 07:45:00
21010158.952,2023-07-29 08:00:00
21010184.321,2023-07-29 08:15:00
21010209.89,2023-07-29 08:30:00
21010235.516,2023-07-29 08:45:00
21010261.232,2023-07-29 09:00:00
21010287.005,2023-07-29 09:15:00
21010312.691,2023-07-29 09:30:00
21010338.264,2023-07-29 09:45:00
21010364.114,2023-07-29 10:00:00
21010390.559,2023-07-29 10:15:00
21010416.345,2023-07-29 10:30:00
21010441.413,2023-07-29 10:45:00
21010466.676,2023-07-29 11:00:00
21010491.993,2023-07-29 11:15:00
21010517.136,2023-07-29 11:30:00
21010542.339,2023-07-29 11:45:00
21010567.393,2023-07-29 12:00:00
21010592.79,2023-07-29 12:15:00
21010618.346,2023-07-29 12:30:00
21010644.462,2023-07-29 12:45:00
21010670.309,2023-07-29 13:00:00
21010696.022,2023-07-29 13:15:00
21010722.229,2023-07-29 13:30:00
21010747.99,2023-07-29 13:45:00
21010773.989,2023-07-29 14:00:00
21010800.157,2023-07-29 14:15:00
21010826.269,2023-07-29 14:30:00
21010852.035,2023-07-29 14:45:00
21010878.758,2023-07-29 15:00:00
21010905.789,2023-07-29 15:15:00
21010933.019,2023-07-29 15:30:00
21010960.247,2023-07-29 15:45:00
21010986.886,2023-07-29 16:00:00
21011013.309,2023-07-29 16:15:00
21011039.791,2023-07-29 16:30:00
21011066.268,2023-07-29 16:45:00
21011092.183,2023-07-29 17:00:00
21011118.164,2023-07-29 17:15:00
21011144.534,2023-07-29 17:30:00
21011171.045,2023-07-29 17:45:00
21011197.479,2023-07-29 18:00:00
21011223.85,2023-07-29 18:15:00
21011249.7,2023-07-29 18:30:00
21011275.492,2023-07-29 18:45:00
21011301.713,2023-07-29 19:00:00
21011327.205,2023-07-29 19:15:00
21011352.299,2023-07-29 19:30:00
21011377.053,2023-07-29 19:45:00
21011402.154,2023-07-29 20:00:00
21011427.081,2023-07-29 20:15:00
21011452.323,2023-07-29 20:30:00
21011477.388,2023-07-29 20:45:00
21011502.151,2023-07-29 21:00:00
21011526.812,2023-07-29 21:15:00
21011551.281,2023-07-29 21:30:00
21011575.652,2023-07-29 21:45:00
21011600.306,2023-07-29 22:00:00
21011624.748,2023-07-29 22:15:00
21011649.176,2023-07-29 22:30:00
21011674.291,2023-07-29 22:45:00
21011698.926,2023-07-29 23:00:00
21011723.562,2023-07-29 23:15:00
21011748.059,2023-07-29 23:30:00
21011772.523,2023-07-29 23:45:00
21011796.54,2023-07-30 00:00:00
21011820.648,2023-07-30 00:15:00
21011844.994,2023-07-30 00:30:00
21011869.269,2023-07-30 00:45:00
21011893.356,2023-07-30 01:00:00
21011917.784,2023-07-30 01:15:00
21011942.419,2023-07-30 01:30:00
21011966.862,2023-07-30 01:45:00
21011991.173,2023-07-30 02:00:00
21012015.216,2023-07-30 02:15:00
21012039.491,2023-07-30 02:30:00
21012063.621,2023-07-30 02:45:00
21012087.765,2023-07-30 03:00:00
21012111.956,2023-07-30 03:15:00
21012136.002,2023-07-30 03:30:00
21012160.452,2023-07-30 03:45:00
21012184.961,2023-07-30 04:00:00
21012209.069,2023-07-30 04:15:00
21012233.562,2023-07-30 04:30:00
21012257.767,2023-07-30 04:45:00
21012282.072,2023-07-30 05:00:00
21012306.292,2023-07-30 05:15:00
21012330.467,2023-07-30 05:30:00
21012354.647,2023-07-30 05:45:00
21012378.697,2023-07-30 06:00:00
21012402.845,2023-07-30 06:15:00
21012427.394,2023-07-30 06:30:00
21012451.867,2023-07-30 06:45:00
21012476.284,2023-07-30 07:00:00
21012500.313,2023-07-30 07:15:00
21012524.419,2023-07-30 07:30:00
21012548.511,2023-07-30 07:45:00
21012572.815,2023-07-30 08:00:00
21012597.572,2023-07-30 08:15:00
21012621.982,2023-07-30 08:30:00
21012646.14,2023-07-30 08:45:00
21012670.621,2023-07-30 09:00:00
21012695.412,2023-07-30 09:15:00
21012720.023,2023-07-30 09:30:00
21012744.765,2023-07-30 09:45:00
21012769.077,2023-07-30 10:00:00
21012792.993,2023-07-30 10:15:00
21012817.077,2023-07-30 10:30:00
21012841.592,2023-07-30 10:45:00
21012865.631,2023-07-30 11:00:00
21012889.663,2023-07-30 11:15:00
21012914.094,2023-07-30 11:30:00
21012938.268,2023-07-30 11:45:00
21012962.722,2023-07-30 12:00:00
21012987.662,2023-07-30 12:15:00
21013012.193,2023-07-30 12:30:00
21013036.501,2023-07-30 12:45:00
21013060.887,2023-07-30 13:00:00
21013084.803,2023-07-30 13:15:00
21013108.876,2023-07-30 13:30:00
21013133.549,2023-07-30 13:45:00
21013157.944,2023-07-30 14:00:00
21013182.471,2023-07-30 14:15:00
21013207.239,2023-07-30 14:30:00
21013231.992,2023-07-30 14:45:00
21013257.103,2023-07-30 15:00:00
21013282.147,2023-07-30 15:15:00
21013307.627,2023-07-30 15:30:00
21013332.538,2023-07-30 15:45:00
21013357.407,2023-07-30 16:00:00
21013382.485,2023-07-30 16:15:00
21013407.55,2023-07-30 16:30:00
21013432.773,2023-07-30 16:45:00
21013458.403,2023-07-30 17:00:00
21013484.189,2023-07-30 17:15:00
21013509.664,2023-07-30 17:30:00
21013534.641,2023-07-30 17:45:00
21013559.645,2023-07-30 18:00:00
21013584.71,2023-07-30 18:15:00
21013609.757,2023-07-30 18:30:00
21013634.763,2023-07-30 18:45:00
21013659.388,2023-07-30 19:00:00
21013683.817,2023-07-30 19:15:00
21013708.61,2023-07-30 19:30:00
21013733.161,2023-07-30 19:45:00
21013757.504,2023-07-30 20:00:00
21013781.974,2023-07-30 20:15:00
21013806.416,2023-07-30 20:30:00
21013830.707,2023-07-30 20:45:00
21013855.168,2023-07-30 21:00:00
21013879.011,2023-07-30 21:15:00
21013903.003,2023-07-30 21:30:00
21013927.56,2023-07-30 21:45:00
21013952.34,2023-07-30 22:00:00
21013976.983,2023-07-30 22:15:00
21014001.599,2023-07-30 22:30:00
21014026.028,2023-07-30 22:45:00
21014049.888,2023-07-30 23:00:00
21014074.291,2023-07-30 23:15:00
21014098.905,2023-07-30 23:30:00
21014123.13,2023-07-30 23:45:00
21014147.302,2023-07-31 00:00:00
21014171.927,2023-07-31 00:15:00
21014196.502,2023-07-31 00:30:00
21014221.202,2023-07-31 00:45:00
21014246.144,2023-07-31 01:00:00
21014270.411,2023-07-31 01:15:00
21014294.626,2023-07-31 01:30:00
21014319.288,2023-07-31 01:45:00
21014343.685,2023-07-31 02:00:00
21014367.698,2023-07-31 02:15:00
21014392.239,2023-07-31 02:30:00
21014416.538,2023-07-31 02:45:00
21014441.003,2023-07-31 03:00:00
21014465.758,2023-07-31 03:15:00
21014490.025,2023-07-31 03:30:00
21014514.179,2023-07-31 03:45:00
21014538.639,2023-07-31 04:00:00
21014562.88,2023-07-31 04:15:00
21014587.406,2023-07-31 04:30:00
21014612.334,2023-07-31 04:45:00
21014636.659,2023-07-31 05:00:00
21014660.667,2023-07-31 05:15:00
21014685.03,2023-07-31 05:30:00
21014709.176,2023-07-31 05:45:00
21014733.153,2023-07-31 06:00:00
21014757.581,2023-07-31 06:15:00
21014781.705,2023-07-31 06:30:00
21014805.922,2023-07-31 06:45:00
21014830.55,2023-07-31 07:00:00
21014854.721,2023-07-31 07:15:00
21014878.545,2023-07-31 07:30:00
21014902.774,2023-07-31 07:45:00
21014927.165,2023-07-31 08:00:00
21014951.902,2023-07-31 08:15:00
21014976.599,2023-07-31 08:30:00
21015001.021,2023-07-31 08:45:00
21015026.054,2023-07-31 09:00:00
21015051.634,2023-07-31 09:15:00
21015077.183,2023-07-31 09:30:00
21015102.814,2023-07-31 09:45:00
21015128.26,2023-07-31 10:00:00
21015153.775,2023-07-31 10:15:00
21015179.768,2023-07-31 10:30:00
21015205.543,2023-07-31 10:45:00
21015230.753,2023-07-31 11:00:00
21015256.391,2023-07-31 11:15:00
21015282.419,2023-07-31 11:30:00
21015309.226,2023-07-31 11:45:00
21015335.852,2023-07-31 12:00:00
21015362.024,2023-07-31 12:15:00
21015388.401,2023-07-31 12:30:00
21015414.84,2023-07-31 12:45:00
21015440.96,2023-07-31 13:00:00
21015467.286,2023-07-31 13:15:00
21015493.721,2023-07-31 13:30:00
21015520.199,2023-07-31 13:45:00
21015546.601,2023-07-31 14:00:00
21015573.677,2023-07-31 14:15:00
21015600.187,2023-07-31 14:30:00
21015626.369,2023-07-31 14:45:00
21015652.337,2023-07-31 15:00:00
21015678.391,2023-07-31 15:15:00
21015704.855,2023-07-31 15:30:00
21015731.701,2023-07-31 15:45:00
21015758.226,2023-07-31 16:00:00
21015783.956,2023-07-31 16:15:00
21015809.795,2023-07-31 16:30:00
21015835.548,2023-07-31 16:45:00
21015861.107,2023-07-31 17:00:00
21015886.867,2023-07-31 17:15:00
21015912.088,2023-07-31 17:30:00
21015936.684,2023-07-31 17:45:00
21015961.595,2023-07-31 18:00:00
21015986.159,2023-07-31 18:15:00
21016010.566,2023-07-31 18:30:00
21016034.932,2023-07-31 18:45:00
21016059.61,2023-07-31 19:00:00
21016084.405,2023-07-31 19:15:00
21016108.638,2023-07-31 19:30:00
21016132.783,2023-07-31 19:45:00
21016156.82,2023-07-31 20:00:00
21016180.941,2023-07-31 20:15:00
21016205.434,2023-07-31 20:30:00
21016230.113,2023-07-31 20:45:00
21016254.543,2023-07-31 21:00:00
21016278.657,2023-07-31 21:15:00
21016303.272,2023-07-31 21:30:00
21016327.886,2023-07-31 21:45:00
21016352.296,2023-07-31 22:00:00
21016376.625,2023-07-31 22:15:00
21016400.272,2023-07-31 22:30:00
21016424.072,2023-07-31 22:45:00
21016448.053,2023-07-31 23:00:00
21016472.122,2023-07-31 23:15:00
21016496.484,2023-07-31 23:30:00
21016520.762,2023-07-31 23:45:00
21016544.763,2023-08-01 00:00:00
21016569.039,2023-08-01 00:15:00
21016593.185,2023-08-01 00:30:00
21016617.341,2023-08-01 00:45:00
21016641.121,2023-08-01 01:00:00
21016664.847,2023-08-01 01:15:00
21016689.007,2023-08-01 01:30:00
21016713.006,2023-08-01 01:45:00
21016737.046,2023-08-01 02:00:00
21016761.142,2023-08-01 02:15:00
21016785.117,2023-08-01 02:30:00
21016809.383,2023-08-01 02:45:00
21016833.911,2023-08-01 03:00:00
21016857.987,2023-08-01 03:15:00
21016881.782,2023-08-01 03:30:00
21016905.875,2023-08-01 03:45:00
21016929.802,2023-08-01 04:00:00
21016954.058,2023-08-01 04:15:00
21016978.408,2023-08-01 04:30:00
21017002.245,2023-08-01 04:45:00
21017026.276,2023-08-01 05:00:00
21017050.195,2023-08-01 05:15:00
21017074.383,2023-08-01 05:30:00
21017098.394,2023-08-01 05:45:00
21017122.189,2023-08-01 06:00:00
21017145.899,2023-08-01 06:15:00
21017169.798,2023-08-01 06:30:00
21017194.02,2023-08-01 06:45:00
21017218.012,2023-08-01 07:00:00
21017241.598,2023-08-01 07:15:00
21017265.709,2023-08-01 07:30:00
21017290.096,2023-08-01 07:45:00
21017314.409,2023-08-01 08:00:00
21017338.514,2023-08-01 08:15:00
21017363.004,2023-08-01 08:30:00
21017387.265,2023-08-01 08:45:00
21017412.037,2023-08-01 09:00:00
21017436.94,2023-08-01 09:15:00
21017461.728,2023-08-01 09:30:00
21017486.702,2023-08-01 09:45:00
21017511.987,2023-08-01 10:00:00
21017537.418,2023-08-01 10:15:00
21017563.151,2023-08-01 10:30:00
21017588.656,2023-08-01 10:45:00
21017614.168,2023-08-01 11:00:00
21017640.128,2023-08-01 11:15:00
21017665.738,2023-08-01 11:30:00
21017691.414,2023-08-01 11:45:00
21017716.654,2023-08-01 12:00:00
21017742.001,2023-08-01 12:15:00
21017768.167,2023-08-01 12:30:00
21017794.171,2023-08-01 12:45:00
21017820.019,2023-08-01 13:00:00
21017845.638,2023-08-01 13:15:00
21017870.428,2023-08-01 13:30:00
21017895.531,2023-08-01 13:45:00
21017921.095,2023-08-01 14:00:00
21017945.656,2023-08-01 14:15:00
21017970.446,2023-08-01 14:30:00
21017995.609,2023-08-01 14:45:00
21018021.393,2023-08-01 15:00:00
21018046.741,2023-08-01 15:15:00
21018071.529,2023-08-01 15:30:00
21018096.428,2023-08-01 15:45:00
21018121.82,2023-08-01 16:00:00
21018146.89,2023-08-01 16:15:00
21018171.681,2023-08-01 16:30:00
21018196.442,2023-08-01 16:45:00
21018221.442,2023-08-01 17:00:00
21018246.774,2023-08-01 17:15:00
21018271.94,2023-08-01 17:30:00
21018296.816,2023-08-01 17:45:00
21018321.695,2023-08-01 18:00:00
21018346.389,2023-08-01 18:15:00
21018370.81,2023-08-01 18:30:00
21018394.814,2023-08-01 18:45:00
21018418.68,2023-08-01 19:00:00
21018442.694,2023-08-01 19:15:00
21018466.856,2023-08-01 19:30:00
21018490.586,2023-08-01 19:45:00
21018514.309,2023-08-01 20:00:00
21018538.737,2023-08-01 20:15:00
21018563.103,2023-08-01 20:30:00
21018586.937,2023-08-01 20:45:00
21018610.552,2023-08-01 21:00:00
21018634.283,2023-08-01 21:15:00
21018657.943,2023-08-01 21:30:00
21018681.518,2023-08-01 21:45:00
21018705.255,2023-08-01 22:00:00
21018729.194,2023-08-01 22:15:00
21018752.936,2023-08-01 22:30:00
21018776.922,2023-08-01 22:45:00
21018801.204,2023-08-01 23:00:00
21018825.181,2023-08-01 23:15:00
21018849.376,2023-08-01 23:30:00
21018873.325,2023-08-01 23:45:00
21018896.995,2023-08-02 00:00:00
21018921.144,2023-08-02 00:15:00
21018944.824,2023-08-02 00:30:00
21018968.286,2023-08-02 00:45:00
21018992.206,2023-08-02 01:00:00
21019016.206,2023-08-02 01:15:00
21019040.433,2023-08-02 01:30:00
21019064.729,2023-08-02 01:45:00
21019088.525,2023-08-02 02:00:00
21019112.605,2023-08-02 02:15:00
21019136.952,2023-08-02 02:30:00
21019161.064,2023-08-02 02:45:00
21019185.278,2023-08-02 03:00:00
21019209.343,2023-08-02 03:15:00
21019233.73,2023-08-02 03:30:00
21019258.202,2023-08-02 03:45:00
21019282.349,2023-08-02 04:00:00
21019306.474,2023-08-02 04:15:00
21019330.622,2023-08-02 04:30:00
21019354.619,2023-08-02 04:45:00
21019379.081,2023-08-02 05:00:00
21019403.004,2023-08-02 05:15:00
21019426.749,2023-08-02 05:30:00
21019450.801,2023-08-02 05:45:00
21019474.878,2023-08-02 06:00:00
21019499.169,2023-08-02 06:15:00
21019523.767,2023-08-02 06:30:00
21019547.715,2023-08-02 06:45:00
21019571.413,2023-08-02 07:00:00
21019595.357,2023-08-02 07:15:00
21019619.392,2023-08-02 07:30:00
21019643.023,2023-08-02 07:45:00
21019666.379,2023-08-02 08:00:00
21019690.337,2023-08-02 08:15:00
21019714.971,2023-08-02 08:30:00
21019739.141,2023-08-02 08:45:00
21019763.493,2023-08-02 09:00:00
21019787.799,2023-08-02 09:15:00
21019813.026,2023-08-02 09:30:00
21019839.012,2023-08-02 09:45:00
21019864.136,2023-08-02 10:00:00
21019889.551,2023-08-02 10:15:00
21019916.065,2023-08-02 10:30:00
21019942.721,2023-08-02 10:45:00
21019968.787,2023-08-02 11:00:00
21019994.656,2023-08-02 11:15:00
21020020.71,2023-08-02 11:30:00
21020047.265,2023-08-02 11:45:00
21020073.157,2023-08-02 12:00:00
21020098.67,2023-08-02 12:15:00
21020124.567,2023-08-02 12:30:00
21020150.779,2023-08-02 12:45:00
21020177.185,2023-08-02 13:00:00
21020203.306,2023-08-02 13:15:00
21020228.397,2023-08-02 13:30:00
21020253.711,2023-08-02 13:45:00
21020279.637,2023-08-02 14:00:00
21020305.212,2023-08-02 14:15:00
21020330.775,2023-08-02 14:30:00
21020356.574,2023-08-02 14:45:00
21020382.363,2023-08-02 15:00:00
21020408.334,2023-08-02 15:15:00
21020434.036,2023-08-02 15:30:00
21020459.03,2023-08-02 15:45:00
21020484.292,2023-08-02 16:00:00
21020509.698,2023-08-02 16:15:00
21020534.867,2023-08-02 16:30:00
21020559.644,2023-08-02 16:45:00
21020584.173,2023-08-02 17:00:00
21020609.15,2023-08-02 17:15:00
21020634.513,2023-08-02 17:30:00
21020659.8,2023-08-02 17:45:00
21020685.424,2023-08-02 18:00:00
21020711.641,2023-08-02 18:15:00
21020736.287,2023-08-02 18:30:00
21020760.732,2023-08-02 18:45:00
21020785.756,2023-08-02 19:00:00
21020810.729,2023-08-02 19:15:00
21020835.063,2023-08-02 19:30:00
21020859.224,2023-08-02 19:45:00
21020883.187,2023-08-02 20:00:00
21020907.772,2023-08-02 20:15:00
21020932.429,2023-08-02 20:30:00
21020956.734,2023-08-02 20:45:00
21020980.944,2023-08-02 21:00:00
21021005.173,2023-08-02 21:15:00
21021029.979,2023-08-02 21:30:00
21021054.446,2023-08-02 21:45:00
21021078.168,2023-08-02 22:00:00
21021101.996,2023-08-02 22:15:00
21021126.611,2023-08-02 22:30:00
21021151.055,2023-08-02 22:45:00
21021174.989,2023-08-02 23:00:00
21021198.687,2023-08-02 23:15:00
21021222.657,2023-08-02 23:30:00
21021247.283,2023-08-02 23:45:00
21021271.573,2023-08-03 00:00:00
21021295.426,2023-08-03 00:15:00
21021319.938,2023-08-03 00:30:00
21021344.05,2023-08-03 00:45:00
21021367.796,2023-08-03 01:00:00
21021380.334,2023-08-03 01:15:00
21021387.241,2023-08-03 01:30:00
21021394.167,2023-08-03 01:45:00
21021401.308,2023-08-03 02:00:00
21021407.999,2023-08-03 02:15:00
21021414.937,2023-08-03 02:30:00
21021426.173,2023-08-03 02:45:00
21021453.574,2023-08-03 03:00:00
21021480.671,2023-08-03 03:15:00
21021496.076,2023-08-03 03:30:00
21021502.79,2023-08-03 03:45:00
21021509.875,2023-08-03 04:00:00
21021516.656,2023-08-03 04:15:00
21021523.417,2023-08-03 04:30:00
21021530.498,2023-08-03 04:45:00
21021537.329,2023-08-03 05:00:00
21021544.202,2023-08-03 05:15:00
21021551.11,2023-08-03 05:30:00
21021557.816,2023-08-03 05:45:00
21021564.82,2023-08-03 06:00:00
21021571.647,2023-08-03 06:15:00
21021578.413,2023-08-03 06:30:00
21021585.283,2023-08-03 06:45:00
21021591.978,2023-08-03 07:00:00
21021598.734,2023-08-03 07:15:00
21021605.588,2023-08-03 07:30:00
21021612.221,2023-08-03 07:45:00
21021619.213,2023-08-03 08:00:00
21021626.276,2023-08-03 08:15:00
21021632.965,2023-08-03 08:30:00
21021640.049,2023-08-03 08:45:00
21021647.112,2023-08-03 09:00:00
21021654.694,2023-08-03 09:15:00
21021662.596,2023-08-03 09:30:00
21021669.704,2023-08-03 09:45:00
21021676.885,2023-08-03 10:00:00
21021684.282,2023-08-03 10:15:00
21021692.022,2023-08-03 10:30:00
21021699.91,2023-08-03 10:45:00
21021707.323,2023-08-03 11:00:00
21021714.963,2023-08-03 11:15:00
21021738.309,2023-08-03 11:30:00
21021767.95,2023-08-03 11:45:00
21021796.896,2023-08-03 12:00:00
21021825.329,2023-08-03 12:15:00
21021853.007,2023-08-03 12:30:00
21021880.327,2023-08-03 12:45:00
21021907.486,2023-08-03 13:00:00
21021933.897,2023-08-03 13:15:00
21021959.855,2023-08-03 13:30:00
21021986.054,2023-08-03 13:45:00
21022011.284,2023-08-03 14:00:00
21022036.793,2023-08-03 14:15:00
21022062.337,2023-08-03 14:30:00
21022087.558,2023-08-03 14:45:00
21022113.046,2023-08-03 15:00:00
21022138.799,2023-08-03 15:15:00
21022164.246,2023-08-03 15:30:00
21022189.431,2023-08-03 15:45:00
21022215.056,2023-08-03 16:00:00
21022240.483,2023-08-03 16:15:00
21022265.978,2023-08-03 16:30:00
21022291.697,2023-08-03 16:45:00
21022316.966,2023-08-03 17:00:00
21022342.546,2023-08-03 17:15:00
21022368.005,2023-08-03 17:30:00
21022393.337,2023-08-03 17:45:00
21022418.461,2023-08-03 18:00:00
21022443.7,2023-08-03 18:15:00
21022468.731,2023-08-03 18:30:00
21022493.737,2023-08-03 18:45:00
21022519.261,2023-08-03 19:00:00
21022544.622,2023-08-03 19:15:00
21022570.019,2023-08-03 19:30:00
21022595.421,2023-08-03 19:45:00
21022620.533,2023-08-03 20:00:00
21022645.593,2023-08-03 20:15:00
21022670.679,2023-08-03 20:30:00
21022695.374,2023-08-03 20:45:00
21022720.01,2023-08-03 21:00:00
21022744.926,2023-08-03 21:15:00
21022769.654,2023-08-03 21:30:00
21022794.394,2023-08-03 21:45:00
21022819.371,2023-08-03 22:00:00
21022844.338,2023-08-03 22:15:00
21022869.303,2023-08-03 22:30:00
21022894.342,2023-08-03 22:45:00
21022918.959,2023-08-03 23:00:00
21022943.511,2023-08-03 23:15:00
21022967.967,2023-08-03 23:30:00
21022992.425,2023-08-03 23:45:00
21023017.032,2023-08-04 00:00:00
21023041.396,2023-08-04 00:15:00
21023066.063,2023-08-04 00:30:00
21023090.962,2023-08-04 00:45:00
21023115.614,2023-08-04 01:00:00
21023139.902,2023-08-04 01:15:00
21023164.394,2023-08-04 01:30:00
21023188.65,2023-08-04 01:45:00
21023213.026,2023-08-04 02:00:00
21023237.555,2023-08-04 02:15:00
21023261.432,2023-08-04 02:30:00
21023285.167,2023-08-04 02:45:00
21023309.544,2023-08-04 03:00:00
21023333.891,2023-08-04 03:15:00
21023358.269,2023-08-04 03:30:00
21023382.912,2023-08-04 03:45:00
21023407.058,2023-08-04 04:00:00
21023430.977,2023-08-04 04:15:00
21023455.055,2023-08-04 04:30:00
21023478.929,2023-08-04 04:45:00
21023503.045,2023-08-04 05:00:00
21023527.467,2023-08-04 05:15:00
21023551.808,2023-08-04 05:30:00
21023576.086,2023-08-04 05:45:00
21023600.125,2023-08-04 06:00:00
21023624.351,2023-08-04 06:15:00
21023648.959,2023-08-04 06:30:00
21023673.315,2023-08-04 06:45:00
21023697.441,2023-08-04 07:00:00
21023721.69,2023-08-04 07:15:00
21023745.684,2023-08-04 07:30:00
21023769.911,2023-08-04 07:45:00
21023794.426,2023-08-04 08:00:00
21023818.947,2023-08-04 08:15:00
21023843.305,2023-08-04 08:30:00
21023868.007,2023-08-04 08:45:00
21023893.158,2023-08-04 09:00:00
21023918.774,2023-08-04 09:15:00
21023944.602,2023-08-04 09:30:00
21023970.317,2023-08-04 09:45:00
21023995.841,2023-08-04 10:00:00
21024021.133,2023-08-04 10:15:00
21024046.219,2023-08-04 10:30:00
21024071.32,2023-08-04 10:45:00
21024096.799,2023-08-04 11:00:00
21024122.576,2023-08-04 11:15:00
21024148.816,2023-08-04 11:30:00
21024175.319,2023-08-04 11:45:00
21024201.485,2023-08-04 12:00:00
21024227.769,2023-08-04 12:15:00
21024253.797,2023-08-04 12:30:00
21024279.896,2023-08-04 12:45:00
21024306.038,2023-08-04 13:00:00
21024331.869,2023-08-04 13:15:00
21024357.872,2023-08-04 13:30:00
21024384.435,2023-08-04 13:45:00
21024411.139,2023-08-04 14:00:00
21024437.52,2023-08-04 14:15:00
21024463.899,2023-08-04 14:30:00
21024489.925,2023-08-04 14:45:00
21024516.116,2023-08-04 15:00:00
21024542.442,2023-08-04 15:15:00
21024568.4,2023-08-04 15:30:00
21024594.213,2023-08-04 15:45:00
21024620.452,2023-08-04 16:00:00
21024646.101,2023-08-04 16:15:00
21024671.858,2023-08-04 16:30:00
21024697.822,2023-08-04 16:45:00
21024723.227,2023-08-04 17:00:00
21024748.203,2023-08-04 17:15:00
21024772.884,2023-08-04 17:30:00
21024797.141,2023-08-04 17:45:00
21024821.19,2023-08-04 18:00:00
21024845.496,2023-08-04 18:15:00
21024869.394,2023-08-04 18:30:00
21024892.967,2023-08-04 18:45:00
21024916.7,2023-08-04 19:00:00
21024940.451,2023-08-04 19:15:00
21024964.299,2023-08-04 19:30:00
21024988.38,2023-08-04 19:45:00
21025012.267,2023-08-04 20:00:00
21025035.894,2023-08-04 20:15:00
21025059.512,2023-08-04 20:30:00
21025083.164,2023-08-04 20:45:00
21025107.233,2023-08-04 21:00:00
21025131.453,2023-08-04 21:15:00
21025155.499,2023-08-04 21:30:00
21025179.553,2023-08-04 21:45:00
21025203.321,2023-08-04 22:00:00
21025226.931,2023-08-04 22:15:00
21025250.679,2023-08-04 22:30:00
21025274.078,2023-08-04 22:45:00
21025297.996,2023-08-04 23:00:00
21025322.283,2023-08-04 23:15:00
21025346.287,2023-08-04 23:30:00
21025370.034,2023-08-04 23:45:00
21025393.828,2023-08-05 00:00:00
21025417.574,2023-08-05 00:15:00
21025441.63,2023-08-05 00:30:00
21025465.717,2023-08-05 00:45:00
21025489.583,2023-08-05 01:00:00
21025513.556,2023-08-05 01:15:00
21025537.292,2023-08-05 01:30:00
21025560.91,2023-08-05 01:45:00
21025585.036,2023-08-05 02:00:00
21025609.11,2023-08-05 02:15:00
21025633.046,2023-08-05 02:30:00
21025656.834,2023-08-05 02:45:00
21025680.329,2023-08-05 03:00:00
21025704.211,2023-08-05 03:15:00
21025728.498,2023-08-05 03:30:00
21025752.221,2023-08-05 03:45:00
21025775.933,2023-08-05 04:00:00
21025799.94,2023-08-05 04:15:00
21025823.892,2023-08-05 04:30:00
21025848.04,2023-08-05 04:45:00
21025871.707,2023-08-05 05:00:00
21025895.385,2023-08-05 05:15:00
21025919.392,2023-08-05 05:30:00
21025943.137,2023-08-05 05:45:00
21025966.791,2023-08-05 06:00:00
21025990.732,2023-08-05 06:15:00
21026014.389,2023-08-05 06:30:00
21026038.06,2023-08-05 06:45:00
21026062.173,2023-08-05 07:00:00
21026086.105,2023-08-05 07:15:00
21026110.384,2023-08-05 07:30:00
21026134.569,2023-08-05 07:45:00
21026158.124,2023-08-05 08:00:00
21026182.084,2023-08-05 08:15:00
21026206.161,2023-08-05 08:30:00
21026230.263,2023-08-05 08:45:00
21026254.046,2023-08-05 09:00:00
21026277.311,2023-08-05 09:15:00
21026300.793,2023-08-05 09:30:00
21026325.105,2023-08-05 09:45:00
21026348.913,2023-08-05 10:00:00
21026372.684,2023-08-05 10:15:00
21026396.435,2023-08-05 10:30:00
21026420.252,2023-08-05 10:45:00
21026444.446,2023-08-05 11:00:00
21026468.209,2023-08-05 11:15:00
21026491.923,2023-08-05 11:30:00
21026516.159,2023-08-05 11:45:00
21026540.358,2023-08-05 12:00:00
21026564.762,2023-08-05 12:15:00
21026589.204,2023-08-05 12:30:00
21026613.427,2023-08-05 12:45:00
21026637.721,2023-08-05 13:00:00
21026661.978,2023-08-05 13:15:00
21026685.727,2023-08-05 13:30:00
21026709.608,2023-08-05 13:45:00
21026734.154,2023-08-05 14:00:00
21026758.422,2023-08-05 14:15:00
21026782.539,2023-08-05 14:30:00
21026806.741,2023-08-05 14:45:00
21026830.507,2023-08-05 15:00:00
21026854.465,2023-08-05 15:15:00
21026879.32,2023-08-05 15:30:00
21026903.701,2023-08-05 15:45:00
21026927.968,2023-08-05 16:00:00
21026952.621,2023-08-05 16:15:00
21026976.938,2023-08-05 16:30:00
21027001.088,2023-08-05 16:45:00
21027025.22,2023-08-05 17:00:00
21027049.325,2023-08-05 17:15:00
21027073.726,2023-08-05 17:30:00
21027098.373,2023-08-05 17:45:00
21027122.627,2023-08-05 18:00:00
21027146.595,2023-08-05 18:15:00
21027171.27,2023-08-05 18:30:00
21027195.707,2023-08-05 18:45:00
21027219.835,2023-08-05 19:00:00
21027243.834,2023-08-05 19:15:00
21027267.595,2023-08-05 19:30:00
21027291.831,2023-08-05 19:45:00
21027316.234,2023-08-05 20:00:00
21027340.254,2023-08-05 20:15:00
21027364.053,2023-08-05 20:30:00
21027388.135,2023-08-05 20:45:00
21027411.92,2023-08-05 21:00:00
21027435.658,2023-08-05 21:15:00
21027459.505,2023-08-05 21:30:00
21027483.209,2023-08-05 21:45:00
21027507.427,2023-08-05 22:00:00
21027531.506,2023-08-05 22:15:00
21027555,2023-08-05 22:30:00
21027578.685,2023-08-05 22:45:00
21027602.741,2023-08-05 23:00:00
21027626.676,2023-08-05 23:15:00
21027650.581,2023-08-05 23:30:00
21027673.844,2023-08-05 23:45:00
21027697.326,2023-08-06 00:00:00
21027721.372,2023-08-06 00:15:00
21027745.207,2023-08-06 00:30:00
21027768.784,2023-08-06 00:45:00
21027792.435,2023-08-06 01:00:00
21027816.021,2023-08-06 01:15:00
21027839.568,2023-08-06 01:30:00
21027863.63,2023-08-06 01:45:00
21027887.716,2023-08-06 02:00:00
21027911.526,2023-08-06 02:15:00
21027935.544,2023-08-06 02:30:00
21027959.59,2023-08-06 02:45:00
21027983.716,2023-08-06 03:00:00
21028007.964,2023-08-06 03:15:00
21028031.769,2023-08-06 03:30:00
21028055.387,2023-08-06 03:45:00
21028079.41,2023-08-06 04:00:00
21028103.348,2023-08-06 04:15:00
21028127.236,2023-08-06 04:30:00
21028151.21,2023-08-06 04:45:00
21028174.881,2023-08-06 05:00:00
21028199.036,2023-08-06 05:15:00
21028223.5,2023-08-06 05:30:00
21028247.491,2023-08-06 05:45:00
21028271.208,2023-08-06 06:00:00
21028295.145,2023-08-06 06:15:00
21028319.297,2023-08-06 06:30:00
21028343.491,2023-08-06 06:45:00
21028367.278,2023-08-06 07:00:00
21028390.847,2023-08-06 07:15:00
21028415.182,2023-08-06 07:30:00
21028439.377,2023-08-06 07:45:00
21028463.279,2023-08-06 08:00:00
21028487.16,2023-08-06 08:15:00
21028511.044,2023-08-06 08:30:00
21028535.307,2023-08-06 08:45:00
21028559.326,2023-08-06 09:00:00
21028582.787,2023-08-06 09:15:00
21028606.423,2023-08-06 09:30:00
21028630.438,2023-08-06 09:45:00
21028654.442,2023-08-06 10:00:00
21028678.26,2023-08-06 10:15:00
21028702.194,2023-08-06 10:30:00
21028726.314,2023-08-06 10:45:00
21028750.809,2023-08-06 11:00:00
21028775.139,2023-08-06 11:15:00
21028798.894,2023-08-06 11:30:00
21028823.147,2023-08-06 11:45:00
21028847.425,2023-08-06 12:00:00
21028871.654,2023-08-06 12:15:00
21028895.903,2023-08-06 12:30:00
21028920.125,2023-08-06 12:45:00
21028944.291,2023-08-06 13:00:00
21028968.384,2023-08-06 13:15:00
21028992.096,2023-08-06 13:30:00
21029016.122,2023-08-06 13:45:00
21029041.044,2023-08-06 14:00:00
21029065.34,2023-08-06 14:15:00
21029089.023,2023-08-06 14:30:00
21029112.818,2023-08-06 14:45:00
21029136.835,2023-08-06 15:00:00
21029160.952,2023-08-06 15:15:00
21029185.121,2023-08-06 15:30:00
21029208.859,2023-08-06 15:45:00
21029232.674,2023-08-06 16:00:00
21029256.751,2023-08-06 16:15:00
21029280.865,2023-08-06 16:30:00
21029304.821,2023-08-06 16:45:00
21029329.356,2023-08-06 17:00:00
21029353.879,2023-08-06 17:15:00
21029377.856,2023-08-06 17:30:00
21029401.848,2023-08-06 17:45:00
21029425.651,2023-08-06 18:00:00
21029449.656,2023-08-06 18:15:00
21029474.427,2023-08-06 18:30:00
21029498.798,2023-08-06 18:45:00
21029523.015,2023-08-06 19:00:00
21029546.972,2023-08-06 19:15:00
21029571.25,2023-08-06 19:30:00
21029595.449,2023-08-06 19:45:00
21029619.469,2023-08-06 20:00:00
21029643.08,2023-08-06 20:15:00
21029666.671,2023-08-06 20:30:00
21029690.541,2023-08-06 20:45:00
21029714.276,2023-08-06 21:00:00
21029737.81,2023-08-06 21:15:00
21029761.581,2023-08-06 21:30:00
21029785.396,2023-08-06 21:45:00
21029809.262,2023-08-06 22:00:00
21029833.039,2023-08-06 22:15:00
21029856.774,2023-08-06 22:30:00
21029880.253,2023-08-06 22:45:00
21029904.128,2023-08-06 23:00:00
21029928.298,2023-08-06 23:15:00
21029951.835,2023-08-06 23:30:00
21029975.135,2023-08-06 23:45:00
21029998.8,2023-08-07 00:00:00
21030022.728,2023-08-07 00:15:00
21030046.56,2023-08-07 00:30:00
21030070.348,2023-08-07 00:45:00
21030093.671,2023-08-07 01:00:00
21030117.21,2023-08-07 01:15:00
21030141.311,2023-08-07 01:30:00
21030165.126,2023-08-07 01:45:00
21030188.694,2023-08-07 02:00:00
21030212.44,2023-08-07 02:15:00
21030236.353,2023-08-07 02:30:00
21030260.211,2023-08-07 02:45:00
21030284.264,2023-08-07 03:00:00
21030307.825,2023-08-07 03:15:00
21030331.338,2023-08-07 03:30:00
21030355.551,2023-08-07 03:45:00
21030379.648,2023-08-07 04:00:00
21030403.776,2023-08-07 04:15:00
21030427.809,2023-08-07 04:30:00
21030451.713,2023-08-07 04:45:00
21030475.631,2023-08-07 05:00:00
21030499.893,2023-08-07 05:15:00
21030524.179,2023-08-07 05:30:00
21030548.425,2023-08-07 05:45:00
21030572.426,2023-08-07 06:00:00
21030596.106,2023-08-07 06:15:00
21030619.79,2023-08-07 06:30:00
21030643.968,2023-08-07 06:45:00
21030667.904,2023-08-07 07:00:00
21030691.786,2023-08-07 07:15:00
21030715.794,2023-08-07 07:30:00
21030739.572,2023-08-07 07:45:00
21030763.506,2023-08-07 08:00:00
21030787.576,2023-08-07 08:15:00
21030811.855,2023-08-07 08:30:00
21030836.2,2023-08-07 08:45:00
21030860.576,2023-08-07 09:00:00
21030885.468,2023-08-07 09:15:00
21030910.056,2023-08-07 09:30:00
21030934.632,2023-08-07 09:45:00
21030959.528,2023-08-07 10:00:00
21030984.715,2023-08-07 10:15:00
21031010.049,2023-08-07 10:30:00
21031035.856,2023-08-07 10:45:00
21031061.201,2023-08-07 11:00:00
21031086.628,2023-08-07 11:15:00
21031113.182,2023-08-07 11:30:00
21031139.994,2023-08-07 11:45:00
21031167.01,2023-08-07 12:00:00
21031194.015,2023-08-07 12:15:00
21031220.716,2023-08-07 12:30:00
21031247.08,2023-08-07 12:45:00
21031273.652,2023-08-07 13:00:00
21031300.102,2023-08-07 13:15:00
21031326.369,2023-08-07 13:30:00
21031352.617,2023-08-07 13:45:00
21031378.59,2023-08-07 14:00:00
21031405.024,2023-08-07 14:15:00
21031431.497,2023-08-07 14:30:00
21031457.613,2023-08-07 14:45:00
21031483.727,2023-08-07 15:00:00
21031509.616,2023-08-07 15:15:00
21031535.391,2023-08-07 15:30:00
21031560.893,2023-08-07 15:45:00
21031586.51,2023-08-07 16:00:00
21031611.298,2023-08-07 16:15:00
21031636.843,2023-08-07 16:30:00
21031662.458,2023-08-07 16:45:00
21031688.607,2023-08-07 17:00:00
21031713.874,2023-08-07 17:15:00
21031738.951,2023-08-07 17:30:00
